pretprocesiranje,odlike,model,cv_macroF1_sr,cv_macroF1_std,hiperparametri,vreme_s
lower,REC+CHAR,LinearSVM,0.6737453299855405,0.028404859383154665,"{""clf__C"": 0.1}",198.0
lower+stem,REC+CHAR,LinearSVM,0.6731741424792925,0.022626134729920217,"{""clf__C"": 0.1}",104.6
lower,REC+CHAR,LogRegresija,0.6716471965221447,0.028038456119389422,"{""clf__C"": 10}",121.6
lower+lema,REC+CHAR,LogRegresija,0.6705905513648482,0.02800733626500981,"{""clf__C"": 10}",121.3
lower+lema,REC+CHAR,LinearSVM,0.6704155669447909,0.02339469510119423,"{""clf__C"": 1}",180.1
lower+stem,REC+CHAR,LogRegresija,0.6703206244205822,0.02461927210223965,"{""clf__C"": 1}",95.1
lower+lema,TFIDF_1-2,LinearSVM,0.6685057823556819,0.025007912198493562,"{""clf__C"": 1}",17.1
lower+lema,TFIDF_1-2,LogRegresija,0.6672363991069099,0.019828504375701016,"{""clf__C"": 10}",15.8
lower+lema,TFIDF_1-3,LogRegresija,0.6662018916830553,0.022867822569904547,"{""clf__C"": 10}",26.3
lower,CHAR_3-5,LogRegresija,0.662247601046394,0.024421142438407307,"{""clf__C"": 10}",61.3
lower,CHAR_3-5,LinearSVM,0.6610558531208105,0.023206283400413055,"{""clf__C"": 1}",127.6
lower+lema,TFIDF_1-3,LinearSVM,0.6601681698436414,0.020249682460794297,"{""clf__C"": 1}",32.9
lower+stem,CHAR_3-5,LogRegresija,0.6584374558825596,0.019787298562402415,"{""clf__C"": 1}",87.0
lower+stem,IDF,LogRegresija,0.6583247834377076,0.02383872716301057,"{""clf__C"": 1}",6.6
lower+stem,TFIDF_1-2,LinearSVM,0.6555831596723614,0.025908500401011378,"{""clf__C"": 1}",24.1
lower+stem,TFIDF_1-3,LogRegresija,0.6547329019341903,0.02494634580556199,"{""clf__C"": 1}",25.1
lower+lema,TFIDF,LogRegresija,0.6542794909511246,0.0214401018486413,"{""clf__C"": 1}",5.0
lower+stem,TFIDF_1-3,LinearSVM,0.6532113333041056,0.03194248354026459,"{""clf__C"": 1}",38.4
lower+lema,CHAR_3-5,LinearSVM,0.6525750876879686,0.022914733038413706,"{""clf__C"": 1}",97.3
lower+lema,CHAR_3-5,LogRegresija,0.6524276704374549,0.022145517625290656,"{""clf__C"": 10}",37.9
lower+stem,TFIDF_1-2,LogRegresija,0.6519411243815052,0.02734720505070195,"{""clf__C"": 100}",20.2
lower+lema,IDF,LogRegresija,0.6511271606305102,0.017212191674790663,"{""clf__C"": 1}",7.0
lower+stem,IDF,LinearSVM,0.6506714065455637,0.02294130089322322,"{""clf__C"": 0.1}",9.4
lower+stem,CHAR_3-5,LinearSVM,0.650095176465208,0.018360757426215204,"{""clf__C"": 0.1}",106.0
lower+stem,TFIDF,LogRegresija,0.6496054059408201,0.023826554469949624,"{""clf__C"": 1}",8.4
lower+lema,TFIDF,LinearSVM,0.6470263086186747,0.02182584328134653,"{""clf__C"": 1}",7.6
lower+stem,TFIDF_1-2,MultinomialNB,0.6464466221353037,0.026722727151022724,"{""clf__alpha"": 0.1}",14.5
lower+stem,TFIDF,LinearSVM,0.6431029847041745,0.02588968957622335,"{""clf__C"": 0.1}",12.8
lower+lema,IDF,LinearSVM,0.6430275895020434,0.023879642071394914,"{""clf__C"": 0.1}",6.2
lower,TFIDF_1-2,LogRegresija,0.642945258863232,0.03162500134635087,"{""clf__C"": 1}",14.1
lower,REC+CHAR,MultinomialNB,0.6413012043076597,0.03196604159532933,"{""clf__alpha"": 0.01}",117.9
lower+lema,TFIDF_1-3,MultinomialNB,0.6395835970682207,0.026890004682616913,"{""clf__alpha"": 0.1}",14.8
lower+lema,TFIDF_1-2,MultinomialNB,0.6389226554775156,0.027402131413308526,"{""clf__alpha"": 0.5}",15.2
lower+stem,REC+CHAR,MultinomialNB,0.6388562426243837,0.024884862961753296,"{""clf__alpha"": 0.1}",100.1
lower+lema,REC+CHAR,MultinomialNB,0.6363771158484335,0.025829417490399475,"{""clf__alpha"": 0.1}",95.3
lower,TFIDF_1-2,LinearSVM,0.636166056723438,0.029019079438959434,"{""clf__C"": 0.1}",17.8
lower,TFIDF_1-3,LogRegresija,0.6351000252018266,0.033451160130534896,"{""clf__C"": 1}",24.1
lower,TFIDF,LogRegresija,0.6346330614620858,0.02874227909344292,"{""clf__C"": 1}",6.7
lower,TFIDF_1-2,MultinomialNB,0.6333427283094217,0.028902983899681843,"{""clf__alpha"": 0.1}",10.9
lower+stem,TFIDF_1-3,MultinomialNB,0.6327053651804315,0.03024017839699155,"{""clf__alpha"": 0.5}",26.4
lower,IDF,LogRegresija,0.630129011954157,0.030481681553331596,"{""clf__C"": 1}",7.5
lower,IDF,LinearSVM,0.6295408590986857,0.025373243534042463,"{""clf__C"": 0.1}",7.4
lower,TFIDF,LinearSVM,0.6293042051189399,0.032304715168015405,"{""clf__C"": 0.1}",10.6
lower+stem,IDF,MultinomialNB,0.6292709739479881,0.023794837840859784,"{""clf__alpha"": 0.5}",11.6
lower+stem,TFIDF,MultinomialNB,0.62870898454341,0.017672190359644555,"{""clf__alpha"": 0.5}",7.7
lower,TFIDF_1-3,LinearSVM,0.6285802244061234,0.03502226147540095,"{""clf__C"": 0.1}",26.0
lower+lema,TF,LinearSVM,0.6275121860695928,0.019734157825870277,"{""clf__C"": 0.01}",62.5
lower+lema,IDF,MultinomialNB,0.6273248235024588,0.019626919269709765,"{""clf__alpha"": 2.0}",6.7
lower+stem,TF,LogRegresija,0.6262528622247401,0.020609895538489062,"{""clf__C"": 0.1}",108.0
lower+lema,TF,LogRegresija,0.625520718011741,0.019090658471802947,"{""clf__C"": 0.1}",65.0
lower+lema,TFIDF,MultinomialNB,0.625379872722476,0.019131780951757285,"{""clf__alpha"": 2.0}",5.3
lower+stem,TF,LinearSVM,0.6252959572023287,0.022755677198460115,"{""clf__C"": 0.01}",106.2
lower,CHAR_3-5,MultinomialNB,0.6252004398686688,0.028877413795725313,"{""clf__alpha"": 0.1}",32.7
lower,TFIDF_1-3,MultinomialNB,0.625185642045909,0.026790967588824925,"{""clf__alpha"": 0.1}",18.8
lower,TFIDF,MultinomialNB,0.6223206851779913,0.03124543811262209,"{""clf__alpha"": 0.5}",6.2
lower,IDF,MultinomialNB,0.6217289103100574,0.03712224654710763,"{""clf__alpha"": 0.1}",8.5
lower,TF,MultinomialNB,0.6202805018900605,0.0323281852960642,"{""clf__alpha"": 1.0}",9.1
lower+stem,TF,MultinomialNB,0.6193582323552962,0.016909811809869675,"{""clf__alpha"": 0.5}",107.5
lower+stem,CHAR_3-5,MultinomialNB,0.6191693372820518,0.021522893816502475,"{""clf__alpha"": 0.01}",46.4
lower+lema,CHAR_3-5,MultinomialNB,0.6149673137704553,0.021385056692665046,"{""clf__alpha"": 0.1}",37.4
lower+lema,TF,MultinomialNB,0.6148804105409202,0.022086962933525776,"{""clf__alpha"": 0.1}",65.1
lower,TF,LogRegresija,0.6125616920833435,0.0324821331901185,"{""clf__C"": 0.1}",10.8
lower,TF,LinearSVM,0.6096056208007253,0.027872115787731726,"{""clf__C"": 0.01}",11.9
lower,TF,Vecinski,0.17020832753835605,0.0004638995044703418,{},3.3
lower+stem,TF,Vecinski,0.17020832753835605,0.0004638995044703418,{},9.6
lower+lema,TF,Vecinski,0.17020832753835605,0.0004638995044703418,{},15.0
