MODEL,LinearSVM
SAZETAK REZULTATA
preprocessing,features,accuracy,accuracy_std,accuracy_min,accuracy_max,macro_f1,macro_f1_std,macro_f1_min,macro_f1_max,accuracy_po_foldu,macro_f1_po_foldu,unutrasnji_cv_foldovi,kriterijum_izbora,mreza_hiperparametara,najbolji_hiperparametri_po_foldu,vreme_s
lower,BOW,0.5929,0.0287,0.5430,0.6357,0.5923,0.0290,0.5412,0.6352,"[0.5807560137457045, 0.584192439862543, 0.6151202749140894, 0.5429553264604811, 0.5773195876288659, 0.6219931271477663, 0.6357388316151202, 0.570446735395189, 0.6275862068965518, 0.5724137931034483]","[0.5804770656693382, 0.5843914883588516, 0.6149050774570886, 0.5412311265969802, 0.5774179277624606, 0.6212145123036212, 0.635181370756091, 0.5702311205086413, 0.6271493212669683, 0.5703548487236431]",0,bez optimizacije,null,"[{}, {}, {}, {}, {}, {}, {}, {}, {}, {}]",5.84
lower,TF,0.5523,0.0271,0.5086,0.6034,0.5485,0.0282,0.5047,0.6013,"[0.5085910652920962, 0.5429553264604811, 0.5463917525773195, 0.5292096219931272, 0.5223367697594502, 0.5601374570446735, 0.5670103092783505, 0.5601374570446735, 0.603448275862069, 0.5827586206896552]","[0.5046749147459644, 0.5419797257006559, 0.54586346941087, 0.5211318326455673, 0.513862276157358, 0.5568193349015267, 0.5650062656641605, 0.5569303439315597, 0.6013228036725273, 0.5774442785678741]",0,bez optimizacije,null,"[{}, {}, {}, {}, {}, {}, {}, {}, {}, {}]",1.10
lower,LOG_TF,0.5939,0.0289,0.5464,0.6564,0.5933,0.0291,0.5459,0.6561,"[0.5463917525773195, 0.5773195876288659, 0.6048109965635738, 0.563573883161512, 0.5979381443298969, 0.6151202749140894, 0.6563573883161512, 0.5979381443298969, 0.603448275862069, 0.5758620689655173]","[0.545888811272694, 0.5772627810737566, 0.604442466718582, 0.5617721452368896, 0.5978728260006253, 0.6146859067651554, 0.6560796940386142, 0.5979929963123309, 0.6024810222555085, 0.5748177424868348]",0,bez optimizacije,null,"[{}, {}, {}, {}, {}, {}, {}, {}, {}, {}]",3.63
lower,IDF,0.5925,0.0295,0.5533,0.6632,0.5921,0.0296,0.5537,0.6635,"[0.570446735395189, 0.5532646048109966, 0.5910652920962199, 0.584192439862543, 0.5773195876288659, 0.5945017182130584, 0.6632302405498282, 0.6185567010309279, 0.603448275862069, 0.5689655172413793]","[0.5698686899795615, 0.5537307252913367, 0.5913387195501215, 0.5828428512261481, 0.5753224366669745, 0.5939164497610636, 0.6635345794234936, 0.6177959273530611, 0.6036606563445315, 0.5690165806989343]",0,bez optimizacije,null,"[{}, {}, {}, {}, {}, {}, {}, {}, {}, {}]",6.63
lower,TF_IDF,0.6338,0.0322,0.5842,0.6942,0.6335,0.0324,0.5837,0.6942,"[0.5979381443298969, 0.6254295532646048, 0.6391752577319587, 0.584192439862543, 0.6185567010309279, 0.6563573883161512, 0.6941580756013745, 0.6735395189003437, 0.6379310344827587, 0.6103448275862069]","[0.5981658211069975, 0.6255165448038117, 0.6398890869479105, 0.5836863256218096, 0.6191813370774382, 0.6556404067003144, 0.6941839301230165, 0.6733457274667769, 0.6381030995258967, 0.6070452121913311]",0,bez optimizacije,null,"[{}, {}, {}, {}, {}, {}, {}, {}, {}, {}]",1.01
lower,TFIDF_1-2,0.6317,0.0346,0.5876,0.6873,0.6312,0.0348,0.5866,0.6870,"[0.6116838487972509, 0.6701030927835051, 0.6288659793814433, 0.5876288659793815, 0.5910652920962199, 0.6769759450171822, 0.6872852233676976, 0.6254295532646048, 0.6413793103448275, 0.596551724137931]","[0.6117808399083169, 0.6700615470446141, 0.6286015112102068, 0.5865777460322185, 0.5909529577585445, 0.6762792382576955, 0.6869765209052169, 0.6252167340095104, 0.6411994640504058, 0.5944771333708196]",0,bez optimizacije,null,"[{}, {}, {}, {}, {}, {}, {}, {}, {}, {}]",1.46
lower,TFIDF_1-3,0.6235,0.0372,0.5704,0.6838,0.6228,0.0373,0.5687,0.6831,"[0.6048109965635738, 0.6460481099656358, 0.6151202749140894, 0.570446735395189, 0.570446735395189, 0.6769759450171822, 0.6838487972508591, 0.6151202749140894, 0.6448275862068965, 0.6068965517241379]","[0.6049063437575032, 0.6466213929665706, 0.6153713761783688, 0.5687105165366035, 0.5706691347867818, 0.6759046511824011, 0.6831059439755092, 0.6144544997486174, 0.6442811532743535, 0.6040697968872076]",0,bez optimizacije,null,"[{}, {}, {}, {}, {}, {}, {}, {}, {}, {}]",1.43
lower,CHAR_3-5,0.6657,0.0253,0.6323,0.7216,0.6646,0.0261,0.6300,0.7226,"[0.6804123711340206, 0.6426116838487973, 0.6735395189003437, 0.6323024054982818, 0.6529209621993127, 0.6769759450171822, 0.7216494845360825, 0.6701030927835051, 0.6724137931034483, 0.6344827586206897]","[0.678992930478079, 0.642812958629079, 0.6726391706107732, 0.6299957167440425, 0.6520927917606852, 0.6738657344225444, 0.7226069915145544, 0.6697292734592608, 0.6728276482702525, 0.6301996164391981]",0,bez optimizacije,null,"[{}, {}, {}, {}, {}, {}, {}, {}, {}, {}]",6.54
lower,REC+CHAR,0.6585,0.0297,0.6254,0.7251,0.6576,0.0305,0.6223,0.7258,"[0.6529209621993127, 0.6426116838487973, 0.6494845360824743, 0.6254295532646048, 0.6391752577319587, 0.697594501718213, 0.7250859106529209, 0.6666666666666666, 0.6586206896551724, 0.6275862068965518]","[0.6521243331845857, 0.6423003289469772, 0.6492563294775013, 0.6222970310045853, 0.638865511840475, 0.696665203715895, 0.7258470695970697, 0.6667497975625656, 0.6577316726225585, 0.6243955304694584]",0,bez optimizacije,null,"[{}, {}, {}, {}, {}, {}, {}, {}, {}, {}]",7.74
lower+stem,BOW,0.6094,0.0209,0.5724,0.6414,0.6091,0.0209,0.5725,0.6413,"[0.6185567010309279, 0.5910652920962199, 0.6357388316151202, 0.5910652920962199, 0.6185567010309279, 0.5910652920962199, 0.6185567010309279, 0.6151202749140894, 0.6413793103448275, 0.5724137931034483]","[0.6184016847442427, 0.5927308720327537, 0.635008199364635, 0.59003859162512, 0.6186547394181309, 0.5889177360729917, 0.6184427015680406, 0.6150956213987034, 0.6413475063654007, 0.5725344215630987]",0,bez optimizacije,null,"[{}, {}, {}, {}, {}, {}, {}, {}, {}, {}]",7.17
lower+stem,TF,0.5918,0.0209,0.5567,0.6254,0.5888,0.0219,0.5505,0.6228,"[0.5876288659793815, 0.570446735395189, 0.584192439862543, 0.5567010309278351, 0.5738831615120275, 0.6254295532646048, 0.5910652920962199, 0.5979381443298969, 0.6172413793103448, 0.6137931034482759]","[0.5855680427283855, 0.5687761867715189, 0.5817172963449513, 0.550466091901697, 0.5668860826247045, 0.6228312717277064, 0.5914204379725249, 0.5962375003315562, 0.6178477104489826, 0.606745520961809]",0,bez optimizacije,null,"[{}, {}, {}, {}, {}, {}, {}, {}, {}, {}]",0.85
lower+stem,LOG_TF,0.6062,0.0217,0.5690,0.6495,0.6061,0.0212,0.5697,0.6493,"[0.5910652920962199, 0.584192439862543, 0.6288659793814433, 0.6048109965635738, 0.6116838487972509, 0.6082474226804123, 0.6494845360824743, 0.5979381443298969, 0.6172413793103448, 0.5689655172413793]","[0.5906375583794939, 0.5870490178935711, 0.6276282214663843, 0.6035915486768442, 0.6117484129138143, 0.6069369204521794, 0.649256579233696, 0.5975450735080475, 0.6171606529209622, 0.5696853233951558]",0,bez optimizacije,null,"[{}, {}, {}, {}, {}, {}, {}, {}, {}, {}]",5.40
lower+stem,IDF,0.5853,0.0182,0.5517,0.6117,0.5849,0.0184,0.5508,0.6117,"[0.5979381443298969, 0.5567010309278351, 0.5979381443298969, 0.584192439862543, 0.5876288659793815, 0.5738831615120275, 0.6116838487972509, 0.5979381443298969, 0.593103448275862, 0.5517241379310345]","[0.5977894014537357, 0.5570080814255615, 0.597674928712437, 0.5829399255846653, 0.5872767582248342, 0.5724598995376202, 0.6117257189516567, 0.5979876713403556, 0.5929220691125453, 0.550768956369818]",0,bez optimizacije,null,"[{}, {}, {}, {}, {}, {}, {}, {}, {}, {}]",37.82
lower+stem,TF_IDF,0.6465,0.0240,0.6117,0.6942,0.6459,0.0244,0.6092,0.6946,"[0.6323024054982818, 0.6254295532646048, 0.6288659793814433, 0.6116838487972509, 0.6391752577319587, 0.6460481099656358, 0.6941580756013745, 0.6804123711340206, 0.6517241379310345, 0.6551724137931034]","[0.6324264874011067, 0.6263938383193121, 0.6271270944410965, 0.6092046169009834, 0.6395165573703422, 0.644819691317387, 0.6946151338248603, 0.6801791672379908, 0.6521435135630389, 0.6523299087876872]",0,bez optimizacije,null,"[{}, {}, {}, {}, {}, {}, {}, {}, {}, {}]",1.43
lower+stem,TFIDF_1-2,0.6688,0.0248,0.6276,0.7148,0.6680,0.0259,0.6230,0.7152,"[0.6804123711340206, 0.6632302405498282, 0.6597938144329897, 0.6391752577319587, 0.6494845360824743, 0.6907216494845361, 0.7147766323024055, 0.6769759450171822, 0.6862068965517242, 0.6275862068965518]","[0.6806645910991166, 0.663627740482324, 0.65818725557856, 0.6382436030072176, 0.6483923617972759, 0.6902695290892945, 0.71519844019844, 0.6769545836860722, 0.685844550586192, 0.6229865680529377]",0,bez optimizacije,null,"[{}, {}, {}, {}, {}, {}, {}, {}, {}, {}]",2.22
lower+stem,TFIDF_1-3,0.6527,0.0298,0.6014,0.7010,0.6517,0.0308,0.5994,0.7009,"[0.6529209621993127, 0.6632302405498282, 0.6563573883161512, 0.6013745704467354, 0.6391752577319587, 0.6804123711340206, 0.7010309278350515, 0.6563573883161512, 0.6724137931034483, 0.603448275862069]","[0.6534878193701723, 0.6643481548540806, 0.6543924055326881, 0.5995122712058748, 0.6371031746031746, 0.679660425045392, 0.7009242666840221, 0.6563135876648084, 0.6718538856198043, 0.5994119774963469]",0,bez optimizacije,null,"[{}, {}, {}, {}, {}, {}, {}, {}, {}, {}]",2.19
lower+stem,CHAR_3-5,0.6510,0.0117,0.6323,0.6770,0.6500,0.0126,0.6319,0.6782,"[0.6323024054982818, 0.6529209621993127, 0.6460481099656358, 0.6426116838487973, 0.6426116838487973, 0.6597938144329897, 0.6769759450171822, 0.6529209621993127, 0.6586206896551724, 0.6448275862068965]","[0.6319422102602514, 0.6538750381208538, 0.6451920864964343, 0.6405137888530864, 0.6424780701754386, 0.6582636731766807, 0.6782185090611597, 0.65275719566837, 0.6582572821879688, 0.6381000935425559]",0,bez optimizacije,null,"[{}, {}, {}, {}, {}, {}, {}, {}, {}, {}]",8.46
lower+stem,REC+CHAR,0.6716,0.0247,0.6289,0.7045,0.6707,0.0254,0.6273,0.7023,"[0.6632302405498282, 0.6597938144329897, 0.6735395189003437, 0.6288659793814433, 0.6872852233676976, 0.7044673539518901, 0.7010309278350515, 0.6941580756013745, 0.6689655172413793, 0.6344827586206897]","[0.6636038505385239, 0.6607096607096606, 0.6723397656383211, 0.6273394131641554, 0.6865664543561699, 0.7022972548876854, 0.7013125763125764, 0.694261752596519, 0.6689128951637623, 0.6299873220316164]",0,bez optimizacije,null,"[{}, {}, {}, {}, {}, {}, {}, {}, {}, {}]",9.81
lower+lemma,BOW,0.5959,0.0170,0.5724,0.6172,0.5954,0.0165,0.5727,0.6169,"[0.5773195876288659, 0.5910652920962199, 0.6151202749140894, 0.5910652920962199, 0.5807560137457045, 0.6151202749140894, 0.6151202749140894, 0.584192439862543, 0.6172413793103448, 0.5724137931034483]","[0.5763375035007049, 0.5920106526098867, 0.6127016215908956, 0.5907460288820873, 0.5805361305361305, 0.6135955361367874, 0.6148432787941523, 0.5839444506111172, 0.6168509762979809, 0.5727021130640804]",0,bez optimizacije,null,"[{}, {}, {}, {}, {}, {}, {}, {}, {}, {}]",18.54
lower+lemma,TF,0.5874,0.0254,0.5498,0.6241,0.5837,0.0276,0.5420,0.6235,"[0.5601374570446735, 0.584192439862543, 0.6082474226804123, 0.5498281786941581, 0.5498281786941581, 0.5945017182130584, 0.5876288659793815, 0.6185567010309279, 0.6241379310344828, 0.596551724137931]","[0.5542449401802115, 0.583597949788335, 0.60726917268475, 0.5419937817373399, 0.5423592871868734, 0.5898790932689238, 0.5866775838596648, 0.6165591160119204, 0.6234697520047088, 0.5909683339948598]",0,bez optimizacije,null,"[{}, {}, {}, {}, {}, {}, {}, {}, {}, {}]",1.50
lower+lemma,LOG_TF,0.6083,0.0176,0.5876,0.6379,0.6080,0.0174,0.5870,0.6384,"[0.6013745704467354, 0.6013745704467354, 0.6219931271477663, 0.5876288659793815, 0.5945017182130584, 0.6219931271477663, 0.6323024054982818, 0.5945017182130584, 0.6379310344827587, 0.5896551724137931]","[0.601053938579306, 0.6024153251044008, 0.6214482338009132, 0.5869734362302386, 0.5942491968892628, 0.6191849033582444, 0.631849286726905, 0.5940045617464972, 0.6384192805245437, 0.590142599248821]",0,bez optimizacije,null,"[{}, {}, {}, {}, {}, {}, {}, {}, {}, {}]",6.73
lower+lemma,IDF,0.5818,0.0264,0.5414,0.6310,0.5811,0.0260,0.5413,0.6293,"[0.5910652920962199, 0.584192439862543, 0.6013745704467354, 0.563573883161512, 0.5601374570446735, 0.5910652920962199, 0.6048109965635738, 0.5498281786941581, 0.6310344827586207, 0.5413793103448276]","[0.5894350747291924, 0.5845260542934961, 0.6010467605520365, 0.5624765478424015, 0.5601087801087802, 0.5886615328199487, 0.6046577147424377, 0.5495683252402319, 0.6293267781686239, 0.5413367432797486]",0,bez optimizacije,null,"[{}, {}, {}, {}, {}, {}, {}, {}, {}, {}]",6.78
lower+lemma,TF_IDF,0.6437,0.0216,0.6117,0.6770,0.6433,0.0217,0.6109,0.6769,"[0.6323024054982818, 0.6288659793814433, 0.6460481099656358, 0.6116838487972509, 0.6323024054982818, 0.6563573883161512, 0.6769759450171822, 0.6632302405498282, 0.6724137931034483, 0.6172413793103448]","[0.6321054557095166, 0.6292871464753061, 0.6456331430244474, 0.6108654293455843, 0.633057927472064, 0.655598449952475, 0.6769189945481738, 0.6619077399565204, 0.6723346828609987, 0.6155885567427224]",0,bez optimizacije,null,"[{}, {}, {}, {}, {}, {}, {}, {}, {}, {}]",1.42
lower+lemma,TFIDF_1-2,0.6565,0.0269,0.6151,0.7113,0.6558,0.0271,0.6139,0.7120,"[0.6254295532646048, 0.6666666666666666, 0.6563573883161512, 0.6151202749140894, 0.6391752577319587, 0.6804123711340206, 0.711340206185567, 0.6494845360824743, 0.6758620689655173, 0.6448275862068965]","[0.6259795321637426, 0.6666214233067467, 0.6555835367599051, 0.6139457916832709, 0.6387971997930967, 0.6794587182784837, 0.712003319846457, 0.6491799717606169, 0.673994042061269, 0.6424438091163104]",0,bez optimizacije,null,"[{}, {}, {}, {}, {}, {}, {}, {}, {}, {}]",2.19
lower+lemma,TFIDF_1-3,0.6486,0.0293,0.5945,0.7079,0.6477,0.0300,0.5922,0.7087,"[0.6185567010309279, 0.6563573883161512, 0.6597938144329897, 0.5945017182130584, 0.6357388316151202, 0.6701030927835051, 0.7079037800687286, 0.6529209621993127, 0.6586206896551724, 0.6310344827586207]","[0.6187404052774285, 0.6569360993661862, 0.6589821918032696, 0.5922050108548964, 0.63548960909367, 0.6693507348102653, 0.7086754013709741, 0.6526397476312984, 0.6565687137746503, 0.6270780688178029]",0,bez optimizacije,null,"[{}, {}, {}, {}, {}, {}, {}, {}, {}, {}]",2.87
lower+lemma,CHAR_3-5,0.6558,0.0204,0.6186,0.6976,0.6546,0.0211,0.6159,0.6976,"[0.6494845360824743, 0.6563573883161512, 0.6735395189003437, 0.6185567010309279, 0.6460481099656358, 0.6563573883161512, 0.697594501718213, 0.6597938144329897, 0.6655172413793103, 0.6344827586206897]","[0.6492094542206733, 0.6573272236187048, 0.6702403282813997, 0.6159027569541213, 0.6457873730477696, 0.6541100197579549, 0.6975567190226877, 0.6597222222222222, 0.666016133229248, 0.6306105428946052]",0,bez optimizacije,null,"[{}, {}, {}, {}, {}, {}, {}, {}, {}, {}]",8.55
lower+lemma,REC+CHAR,0.6572,0.0270,0.6048,0.7148,0.6564,0.0273,0.6034,0.7149,"[0.6426116838487973, 0.6391752577319587, 0.6529209621993127, 0.6048109965635738, 0.6701030927835051, 0.6769759450171822, 0.7147766323024055, 0.6597938144329897, 0.6620689655172414, 0.6482758620689655]","[0.6427082328771526, 0.6394501471073785, 0.6515889786217167, 0.6034047863878854, 0.670261780104712, 0.6752296987591105, 0.7148740733915401, 0.6597155441583266, 0.6616642146111453, 0.6451955180436753]",0,bez optimizacije,null,"[{}, {}, {}, {}, {}, {}, {}, {}, {}, {}]",10.19

KONFIGURACIJA,lower + BOW + LinearSVM
CLASSIFICATION REPORT
klasa,precision,recall,f1-score,support
negative,0.585,0.579,0.582,959
neutral,0.611,0.623,0.617,997
positive,0.581,0.576,0.578,952
macro avg,0.592,0.592,0.592,2908
weighted avg,0.593,0.593,0.593,2908
accuracy,,,0.593,2908

MATRICA KONFUZIJE
stvarno \ predvidjeno,negative,neutral,positive
negative,555,196,208
neutral,189,621,187
positive,204,200,548

KONFIGURACIJA,lower + TF + LinearSVM
CLASSIFICATION REPORT
klasa,precision,recall,f1-score,support
negative,0.577,0.457,0.510,959
neutral,0.539,0.653,0.590,997
positive,0.549,0.543,0.546,952
macro avg,0.555,0.551,0.549,2908
weighted avg,0.555,0.552,0.549,2908
accuracy,,,0.552,2908

MATRICA KONFUZIJE
stvarno \ predvidjeno,negative,neutral,positive
negative,438,272,249
neutral,171,651,175
positive,150,285,517

KONFIGURACIJA,lower + LOG_TF + LinearSVM
CLASSIFICATION REPORT
klasa,precision,recall,f1-score,support
negative,0.583,0.581,0.582,959
neutral,0.607,0.622,0.614,997
positive,0.591,0.578,0.584,952
macro avg,0.594,0.593,0.593,2908
weighted avg,0.594,0.594,0.594,2908
accuracy,,,0.594,2908

MATRICA KONFUZIJE
stvarno \ predvidjeno,negative,neutral,positive
negative,557,197,205
neutral,201,620,176
positive,198,204,550

KONFIGURACIJA,lower + IDF + LinearSVM
CLASSIFICATION REPORT
klasa,precision,recall,f1-score,support
negative,0.594,0.596,0.595,959
neutral,0.606,0.601,0.604,997
positive,0.577,0.580,0.578,952
macro avg,0.592,0.592,0.592,2908
weighted avg,0.593,0.593,0.593,2908
accuracy,,,0.593,2908

MATRICA KONFUZIJE
stvarno \ predvidjeno,negative,neutral,positive
negative,572,186,201
neutral,194,599,204
positive,197,203,552

KONFIGURACIJA,lower + TF_IDF + LinearSVM
CLASSIFICATION REPORT
klasa,precision,recall,f1-score,support
negative,0.632,0.658,0.645,959
neutral,0.657,0.627,0.641,997
positive,0.613,0.617,0.615,952
macro avg,0.634,0.634,0.634,2908
weighted avg,0.634,0.634,0.634,2908
accuracy,,,0.634,2908

MATRICA KONFUZIJE
stvarno \ predvidjeno,negative,neutral,positive
negative,631,149,179
neutral,181,625,191
positive,187,178,587

KONFIGURACIJA,lower + TFIDF_1-2 + LinearSVM
CLASSIFICATION REPORT
klasa,precision,recall,f1-score,support
negative,0.632,0.645,0.638,959
neutral,0.635,0.655,0.645,997
positive,0.628,0.593,0.610,952
macro avg,0.632,0.631,0.631,2908
weighted avg,0.632,0.632,0.631,2908
accuracy,,,0.632,2908

MATRICA KONFUZIJE
stvarno \ predvidjeno,negative,neutral,positive
negative,619,171,169
neutral,178,653,166
positive,183,204,565

KONFIGURACIJA,lower + TFIDF_1-3 + LinearSVM
CLASSIFICATION REPORT
klasa,precision,recall,f1-score,support
negative,0.630,0.635,0.632,959
neutral,0.630,0.653,0.641,997
positive,0.609,0.581,0.595,952
macro avg,0.623,0.623,0.623,2908
weighted avg,0.623,0.623,0.623,2908
accuracy,,,0.623,2908

MATRICA KONFUZIJE
stvarno \ predvidjeno,negative,neutral,positive
negative,609,176,174
neutral,165,651,181
positive,193,206,553

KONFIGURACIJA,lower + CHAR_3-5 + LinearSVM
CLASSIFICATION REPORT
klasa,precision,recall,f1-score,support
negative,0.681,0.680,0.680,959
neutral,0.672,0.689,0.681,997
positive,0.643,0.627,0.635,952
macro avg,0.665,0.665,0.665,2908
weighted avg,0.666,0.666,0.666,2908
accuracy,,,0.666,2908

MATRICA KONFUZIJE
stvarno \ predvidjeno,negative,neutral,positive
negative,652,149,158
neutral,137,687,173
positive,169,186,597

KONFIGURACIJA,lower + REC+CHAR + LinearSVM
CLASSIFICATION REPORT
klasa,precision,recall,f1-score,support
negative,0.669,0.669,0.669,959
neutral,0.663,0.679,0.671,997
positive,0.642,0.626,0.634,952
macro avg,0.658,0.658,0.658,2908
weighted avg,0.658,0.659,0.658,2908
accuracy,,,0.659,2908

MATRICA KONFUZIJE
stvarno \ predvidjeno,negative,neutral,positive
negative,642,159,158
neutral,146,677,174
positive,171,185,596

KONFIGURACIJA,lower+stem + BOW + LinearSVM
CLASSIFICATION REPORT
klasa,precision,recall,f1-score,support
negative,0.634,0.636,0.635,959
neutral,0.618,0.605,0.612,997
positive,0.576,0.587,0.581,952
macro avg,0.609,0.609,0.609,2908
weighted avg,0.610,0.609,0.609,2908
accuracy,,,0.609,2908

MATRICA KONFUZIJE
stvarno \ predvidjeno,negative,neutral,positive
negative,610,156,193
neutral,175,603,219
positive,177,216,559

KONFIGURACIJA,lower+stem + TF + LinearSVM
CLASSIFICATION REPORT
klasa,precision,recall,f1-score,support
negative,0.633,0.530,0.577,959
neutral,0.574,0.693,0.628,997
positive,0.579,0.548,0.563,952
macro avg,0.595,0.590,0.589,2908
weighted avg,0.595,0.592,0.590,2908
accuracy,,,0.592,2908

MATRICA KONFUZIJE
stvarno \ predvidjeno,negative,neutral,positive
negative,508,234,217
neutral,143,691,163
positive,152,278,522

KONFIGURACIJA,lower+stem + LOG_TF + LinearSVM
CLASSIFICATION REPORT
klasa,precision,recall,f1-score,support
negative,0.639,0.636,0.637,959
neutral,0.615,0.601,0.608,997
positive,0.566,0.582,0.574,952
macro avg,0.607,0.606,0.606,2908
weighted avg,0.607,0.606,0.606,2908
accuracy,,,0.606,2908

MATRICA KONFUZIJE
stvarno \ predvidjeno,negative,neutral,positive
negative,610,151,198
neutral,171,599,227
positive,174,224,554

KONFIGURACIJA,lower+stem + IDF + LinearSVM
CLASSIFICATION REPORT
klasa,precision,recall,f1-score,support
negative,0.620,0.612,0.616,959
neutral,0.593,0.580,0.587,997
positive,0.544,0.564,0.554,952
macro avg,0.586,0.585,0.585,2908
weighted avg,0.586,0.585,0.586,2908
accuracy,,,0.585,2908

MATRICA KONFUZIJE
stvarno \ predvidjeno,negative,neutral,positive
negative,587,168,204
neutral,173,578,246
positive,187,228,537

KONFIGURACIJA,lower+stem + TF_IDF + LinearSVM
CLASSIFICATION REPORT
klasa,precision,recall,f1-score,support
negative,0.664,0.667,0.666,959
neutral,0.665,0.647,0.656,997
positive,0.611,0.625,0.618,952
macro avg,0.647,0.646,0.646,2908
weighted avg,0.647,0.646,0.647,2908
accuracy,,,0.646,2908

MATRICA KONFUZIJE
stvarno \ predvidjeno,negative,neutral,positive
negative,640,136,183
neutral,156,645,196
positive,168,189,595

KONFIGURACIJA,lower+stem + TFIDF_1-2 + LinearSVM
CLASSIFICATION REPORT
klasa,precision,recall,f1-score,support
negative,0.678,0.688,0.683,959
neutral,0.675,0.685,0.680,997
positive,0.653,0.632,0.642,952
macro avg,0.668,0.669,0.668,2908
weighted avg,0.669,0.669,0.669,2908
accuracy,,,0.669,2908

MATRICA KONFUZIJE
stvarno \ predvidjeno,negative,neutral,positive
negative,660,149,150
neutral,144,683,170
positive,170,180,602

KONFIGURACIJA,lower+stem + TFIDF_1-3 + LinearSVM
CLASSIFICATION REPORT
klasa,precision,recall,f1-score,support
negative,0.670,0.659,0.665,959
neutral,0.659,0.689,0.674,997
positive,0.628,0.608,0.618,952
macro avg,0.652,0.652,0.652,2908
weighted avg,0.652,0.653,0.652,2908
accuracy,,,0.653,2908

MATRICA KONFUZIJE
stvarno \ predvidjeno,negative,neutral,positive
negative,632,159,168
neutral,135,687,175
positive,176,197,579

KONFIGURACIJA,lower+stem + CHAR_3-5 + LinearSVM
CLASSIFICATION REPORT
klasa,precision,recall,f1-score,support
negative,0.669,0.663,0.666,959
neutral,0.649,0.677,0.663,997
positive,0.634,0.611,0.622,952
macro avg,0.651,0.651,0.651,2908
weighted avg,0.651,0.651,0.651,2908
accuracy,,,0.651,2908

MATRICA KONFUZIJE
stvarno \ predvidjeno,negative,neutral,positive
negative,636,161,162
neutral,148,675,174
positive,166,204,582

KONFIGURACIJA,lower+stem + REC+CHAR + LinearSVM
CLASSIFICATION REPORT
klasa,precision,recall,f1-score,support
negative,0.688,0.688,0.688,959
neutral,0.673,0.699,0.686,997
positive,0.653,0.626,0.639,952
macro avg,0.671,0.671,0.671,2908
weighted avg,0.671,0.672,0.671,2908
accuracy,,,0.672,2908

MATRICA KONFUZIJE
stvarno \ predvidjeno,negative,neutral,positive
negative,660,144,155
neutral,138,697,162
positive,161,195,596

KONFIGURACIJA,lower+lemma + BOW + LinearSVM
CLASSIFICATION REPORT
klasa,precision,recall,f1-score,support
negative,0.616,0.626,0.621,959
neutral,0.607,0.582,0.594,997
positive,0.565,0.581,0.573,952
macro avg,0.596,0.596,0.596,2908
weighted avg,0.596,0.596,0.596,2908
accuracy,,,0.596,2908

MATRICA KONFUZIJE
stvarno \ predvidjeno,negative,neutral,positive
negative,600,164,195
neutral,186,580,231
positive,188,211,553

KONFIGURACIJA,lower+lemma + TF + LinearSVM
CLASSIFICATION REPORT
klasa,precision,recall,f1-score,support
negative,0.620,0.511,0.560,959
neutral,0.573,0.703,0.632,997
positive,0.578,0.543,0.560,952
macro avg,0.590,0.586,0.584,2908
weighted avg,0.590,0.587,0.585,2908
accuracy,,,0.587,2908

MATRICA KONFUZIJE
stvarno \ predvidjeno,negative,neutral,positive
negative,490,249,220
neutral,138,701,158
positive,162,273,517

KONFIGURACIJA,lower+lemma + LOG_TF + LinearSVM
CLASSIFICATION REPORT
klasa,precision,recall,f1-score,support
negative,0.630,0.627,0.628,959
neutral,0.621,0.606,0.614,997
positive,0.574,0.592,0.583,952
macro avg,0.609,0.608,0.608,2908
weighted avg,0.609,0.608,0.608,2908
accuracy,,,0.608,2908

MATRICA KONFUZIJE
stvarno \ predvidjeno,negative,neutral,positive
negative,601,162,196
neutral,171,604,222
positive,182,206,564

KONFIGURACIJA,lower+lemma + IDF + LinearSVM
CLASSIFICATION REPORT
klasa,precision,recall,f1-score,support
negative,0.598,0.607,0.602,959
neutral,0.605,0.563,0.583,997
positive,0.546,0.577,0.561,952
macro avg,0.583,0.582,0.582,2908
weighted avg,0.583,0.582,0.582,2908
accuracy,,,0.582,2908

MATRICA KONFUZIJE
stvarno \ predvidjeno,negative,neutral,positive
negative,582,167,210
neutral,189,561,247
positive,203,200,549

KONFIGURACIJA,lower+lemma + TF_IDF + LinearSVM
CLASSIFICATION REPORT
klasa,precision,recall,f1-score,support
negative,0.649,0.668,0.659,959
neutral,0.666,0.627,0.646,997
positive,0.616,0.637,0.626,952
macro avg,0.644,0.644,0.644,2908
weighted avg,0.644,0.644,0.644,2908
accuracy,,,0.644,2908

MATRICA KONFUZIJE
stvarno \ predvidjeno,negative,neutral,positive
negative,641,144,174
neutral,169,625,203
positive,177,169,606

KONFIGURACIJA,lower+lemma + TFIDF_1-2 + LinearSVM
CLASSIFICATION REPORT
klasa,precision,recall,f1-score,support
negative,0.665,0.680,0.672,959
neutral,0.664,0.668,0.666,997
positive,0.640,0.621,0.630,952
macro avg,0.656,0.656,0.656,2908
weighted avg,0.656,0.656,0.656,2908
accuracy,,,0.656,2908

MATRICA KONFUZIJE
stvarno \ predvidjeno,negative,neutral,positive
negative,652,154,153
neutral,151,666,180
positive,178,183,591

KONFIGURACIJA,lower+lemma + TFIDF_1-3 + LinearSVM
CLASSIFICATION REPORT
klasa,precision,recall,f1-score,support
negative,0.651,0.668,0.659,959
neutral,0.663,0.670,0.666,997
positive,0.631,0.606,0.618,952
macro avg,0.648,0.648,0.648,2908
weighted avg,0.648,0.649,0.648,2908
accuracy,,,0.649,2908

MATRICA KONFUZIJE
stvarno \ predvidjeno,negative,neutral,positive
negative,641,149,169
neutral,160,668,169
positive,184,191,577

KONFIGURACIJA,lower+lemma + CHAR_3-5 + LinearSVM
CLASSIFICATION REPORT
klasa,precision,recall,f1-score,support
negative,0.686,0.668,0.677,959
neutral,0.655,0.688,0.671,997
positive,0.627,0.609,0.618,952
macro avg,0.656,0.655,0.655,2908
weighted avg,0.656,0.656,0.656,2908
accuracy,,,0.656,2908

MATRICA KONFUZIJE
stvarno \ predvidjeno,negative,neutral,positive
negative,641,155,163
neutral,129,686,182
positive,165,207,580

KONFIGURACIJA,lower+lemma + REC+CHAR + LinearSVM
CLASSIFICATION REPORT
klasa,precision,recall,f1-score,support
negative,0.674,0.664,0.669,959
neutral,0.660,0.674,0.667,997
positive,0.637,0.632,0.635,952
macro avg,0.657,0.657,0.657,2908
weighted avg,0.657,0.657,0.657,2908
accuracy,,,0.657,2908

MATRICA KONFUZIJE
stvarno \ predvidjeno,negative,neutral,positive
negative,637,158,164
neutral,146,672,179
positive,162,188,602
