MODEL,LogisticRegression
SAZETAK REZULTATA
preprocessing,features,accuracy,accuracy_std,accuracy_min,accuracy_max,macro_f1,macro_f1_std,macro_f1_min,macro_f1_max,accuracy_po_foldu,macro_f1_po_foldu,unutrasnji_cv_foldovi,kriterijum_izbora,mreza_hiperparametara,najbolji_hiperparametri_po_foldu,vreme_s
lower,BOW,0.6087,0.0255,0.5670,0.6392,0.6075,0.0260,0.5646,0.6391,"[0.5979381443298969, 0.6048109965635738, 0.6185567010309279, 0.5670103092783505, 0.5670103092783505, 0.6391752577319587, 0.6391752577319587, 0.6323024054982818, 0.6241379310344828, 0.596551724137931]","[0.5977777777777779, 0.6051715395448989, 0.6186235078578993, 0.5646498984034033, 0.5662483504067662, 0.6381974969902288, 0.6390650304902329, 0.6308275058275058, 0.6229390681003584, 0.5912983064685852]",0,bez optimizacije,null,"[{}, {}, {}, {}, {}, {}, {}, {}, {}, {}]",19.06
lower,TF,0.4952,0.0238,0.4330,0.5207,0.4837,0.0257,0.4171,0.5090,"[0.4329896907216495, 0.4948453608247423, 0.5017182130584192, 0.4948453608247423, 0.48109965635738833, 0.49828178694158076, 0.4948453608247423, 0.5189003436426117, 0.5137931034482759, 0.5206896551724138]","[0.41714689466028015, 0.4873490792808172, 0.495360618270069, 0.4804927147239264, 0.4671081229518224, 0.4787047315439425, 0.4885201944025474, 0.5053314853314853, 0.5075738810339602, 0.5090450423288017]",0,bez optimizacije,null,"[{}, {}, {}, {}, {}, {}, {}, {}, {}, {}]",2.35
lower,LOG_TF,0.6090,0.0277,0.5567,0.6495,0.6081,0.0284,0.5533,0.6501,"[0.6013745704467354, 0.5876288659793815, 0.5979381443298969, 0.5567010309278351, 0.5876288659793815, 0.6288659793814433, 0.6494845360824743, 0.6357388316151202, 0.6413793103448275, 0.603448275862069]","[0.6014611303365103, 0.5877195513547159, 0.5985117817279867, 0.5533099833569316, 0.5858091127810043, 0.6275562900227226, 0.6500773787062669, 0.6353618370425093, 0.6406860468716139, 0.6001787241317933]",0,bez optimizacije,null,"[{}, {}, {}, {}, {}, {}, {}, {}, {}, {}]",8.15
lower,IDF,0.6169,0.0257,0.5876,0.6804,0.6161,0.0262,0.5871,0.6806,"[0.5876288659793815, 0.5910652920962199, 0.6219931271477663, 0.5979381443298969, 0.6048109965635738, 0.6254295532646048, 0.6804123711340206, 0.6357388316151202, 0.6172413793103448, 0.6068965517241379]","[0.5870602004242557, 0.5912382119869274, 0.6222285084925588, 0.5964143475555056, 0.6013400168615047, 0.6245115692254927, 0.6805761447161022, 0.6357453571453037, 0.6163759691267782, 0.6050848463107821]",0,bez optimizacije,null,"[{}, {}, {}, {}, {}, {}, {}, {}, {}, {}]",3.18
lower,TF_IDF,0.6152,0.0318,0.5567,0.6598,0.6140,0.0325,0.5533,0.6578,"[0.5738831615120275, 0.6219931271477663, 0.6185567010309279, 0.5567010309278351, 0.5876288659793815, 0.6597938144329897, 0.6151202749140894, 0.6426116838487973, 0.6517241379310345, 0.6241379310344828]","[0.5723448405961139, 0.6228479167009903, 0.618424998855012, 0.5533268799955748, 0.5855145017425719, 0.6578454693625831, 0.6151237632866233, 0.6424262012497307, 0.6521919388564424, 0.6198881219591125]",0,bez optimizacije,null,"[{}, {}, {}, {}, {}, {}, {}, {}, {}, {}]",2.94
lower,TFIDF_1-2,0.6331,0.0326,0.5670,0.6828,0.6314,0.0334,0.5643,0.6825,"[0.6185567010309279, 0.6426116838487973, 0.6323024054982818, 0.5979381443298969, 0.5670103092783505, 0.6597938144329897, 0.6701030927835051, 0.6391752577319587, 0.6827586206896552, 0.6206896551724138]","[0.6174722471883711, 0.6430976430976432, 0.6306730285802683, 0.5941676820326934, 0.564292189798817, 0.6574163566567991, 0.6691726759321638, 0.6379568622533002, 0.6824964818783125, 0.6176104837020066]",0,bez optimizacije,null,"[{}, {}, {}, {}, {}, {}, {}, {}, {}, {}]",5.01
lower,TFIDF_1-3,0.6269,0.0321,0.5773,0.6897,0.6251,0.0329,0.5732,0.6891,"[0.6013745704467354, 0.6391752577319587, 0.6288659793814433, 0.5773195876288659, 0.584192439862543, 0.6460481099656358, 0.6563573883161512, 0.6254295532646048, 0.6896551724137931, 0.6206896551724138]","[0.6005376154964589, 0.640722066768738, 0.6279560613585576, 0.5732064538840757, 0.5813874957373723, 0.6423508734649065, 0.6548236805434954, 0.6239974556914448, 0.6890810182393503, 0.6170333724887804]",0,bez optimizacije,null,"[{}, {}, {}, {}, {}, {}, {}, {}, {}, {}]",6.28
lower,CHAR_3-5,0.6671,0.0220,0.6357,0.6976,0.6654,0.0228,0.6344,0.6966,"[0.6769759450171822, 0.6460481099656358, 0.6666666666666666, 0.6460481099656358, 0.6357388316151202, 0.6907216494845361, 0.697594501718213, 0.6907216494845361, 0.6793103448275862, 0.6413793103448275]","[0.6763346595326291, 0.6471631380948458, 0.665266106442577, 0.6421997584607868, 0.634354580561796, 0.6877151397614193, 0.6966041595905982, 0.6900547699807644, 0.6793675336388905, 0.6345875853585042]",0,bez optimizacije,null,"[{}, {}, {}, {}, {}, {}, {}, {}, {}, {}]",12.77
lower,REC+CHAR,0.6675,0.0268,0.6220,0.7182,0.6664,0.0278,0.6194,0.7182,"[0.6701030927835051, 0.6597938144329897, 0.6632302405498282, 0.6219931271477663, 0.6563573883161512, 0.6907216494845361, 0.718213058419244, 0.6872852233676976, 0.6758620689655173, 0.6310344827586207]","[0.6698377001975202, 0.6608113603913583, 0.6626050420168067, 0.6193783068783069, 0.6564182734062881, 0.689047831227926, 0.7182286548140207, 0.6872520771245311, 0.6749630222756036, 0.6254418510523475]",0,bez optimizacije,null,"[{}, {}, {}, {}, {}, {}, {}, {}, {}, {}]",14.39
lower+stem,BOW,0.6186,0.0206,0.5808,0.6632,0.6181,0.0210,0.5783,0.6631,"[0.6219931271477663, 0.5979381443298969, 0.6288659793814433, 0.5807560137457045, 0.6219931271477663, 0.6116838487972509, 0.6632302405498282, 0.6323024054982818, 0.6137931034482759, 0.6137931034482759]","[0.6221353106775583, 0.5994768527146593, 0.6275311766884801, 0.5782593914669386, 0.6230966380220111, 0.6101606401915909, 0.6631334006919568, 0.6321352891626523, 0.6131761366737624, 0.6114913707418451]",0,bez optimizacije,null,"[{}, {}, {}, {}, {}, {}, {}, {}, {}, {}]",8.42
lower+stem,TF,0.5224,0.0330,0.4639,0.5670,0.5131,0.0340,0.4516,0.5574,"[0.4639175257731959, 0.4845360824742268, 0.5223367697594502, 0.49828178694158076, 0.5189003436426117, 0.5670103092783505, 0.5051546391752577, 0.5567010309278351, 0.5482758620689655, 0.5586206896551724]","[0.4516425249563079, 0.47681714006896053, 0.5140989161104051, 0.48808772992380445, 0.5021252603030499, 0.5574430953176637, 0.49875912699919495, 0.549112352050841, 0.5442550558106487, 0.5488380195092079]",0,bez optimizacije,null,"[{}, {}, {}, {}, {}, {}, {}, {}, {}, {}]",1.92
lower+stem,LOG_TF,0.6314,0.0209,0.5979,0.6804,0.6310,0.0212,0.5960,0.6803,"[0.6460481099656358, 0.6185567010309279, 0.6254295532646048, 0.5979381443298969, 0.6254295532646048, 0.6219931271477663, 0.6804123711340206, 0.6323024054982818, 0.6448275862068965, 0.6206896551724138]","[0.6462707408107559, 0.6212330453586836, 0.6242153177900969, 0.5960268952867098, 0.6256392918062611, 0.620413553850062, 0.6803234276854758, 0.6317579663444325, 0.6450803378206628, 0.6195275713443634]",0,bez optimizacije,null,"[{}, {}, {}, {}, {}, {}, {}, {}, {}, {}]",5.61
lower+stem,IDF,0.6193,0.0276,0.5690,0.6770,0.6185,0.0281,0.5669,0.6771,"[0.6219931271477663, 0.5876288659793815, 0.6288659793814433, 0.6219931271477663, 0.6357388316151202, 0.6048109965635738, 0.6769759450171822, 0.6151202749140894, 0.6310344827586207, 0.5689655172413793]","[0.6219931271477663, 0.5877569177766107, 0.6274619100706058, 0.619957572232943, 0.6358736954752124, 0.6019778795810796, 0.6770998653351595, 0.6152529784748629, 0.6308551201272695, 0.5668982358637531]",0,bez optimizacije,null,"[{}, {}, {}, {}, {}, {}, {}, {}, {}, {}]",2.68
lower+stem,TF_IDF,0.6393,0.0251,0.5945,0.6976,0.6377,0.0260,0.5894,0.6976,"[0.6254295532646048, 0.6323024054982818, 0.6357388316151202, 0.5945017182130584, 0.6219931271477663, 0.6357388316151202, 0.697594501718213, 0.6529209621993127, 0.6482758620689655, 0.6482758620689655]","[0.6252854832537067, 0.6332782322494649, 0.634881149806523, 0.5894187080604737, 0.6200915969733174, 0.6337783268354377, 0.6975855525687553, 0.65265101384636, 0.6481221883217431, 0.6422589800093573]",0,bez optimizacije,null,"[{}, {}, {}, {}, {}, {}, {}, {}, {}, {}]",3.93
lower+stem,TFIDF_1-2,0.6623,0.0183,0.6323,0.6897,0.6607,0.0192,0.6289,0.6897,"[0.6597938144329897, 0.6666666666666666, 0.6529209621993127, 0.6323024054982818, 0.6391752577319587, 0.6804123711340206, 0.6838487972508591, 0.6701030927835051, 0.6896551724137931, 0.6482758620689655]","[0.6595132103293483, 0.6672522006868512, 0.6506801514108919, 0.6289236718112304, 0.6379705672523351, 0.6775883146097194, 0.6824789753401946, 0.6700334196777517, 0.6897441436052517, 0.6423683455102739]",0,bez optimizacije,null,"[{}, {}, {}, {}, {}, {}, {}, {}, {}, {}]",6.41
lower+stem,TFIDF_1-3,0.6547,0.0210,0.6117,0.6804,0.6529,0.0218,0.6084,0.6791,"[0.6666666666666666, 0.6735395189003437, 0.6494845360824743, 0.6116838487972509, 0.6288659793814433, 0.6735395189003437, 0.6804123711340206, 0.6426116838487973, 0.6689655172413793, 0.6517241379310345]","[0.6661113713723891, 0.6743529755438035, 0.6463941599220114, 0.6084377021258939, 0.6262099014776686, 0.6697992487256154, 0.6790857922414636, 0.6420304232804233, 0.6689824866116659, 0.6476048520982537]",0,bez optimizacije,null,"[{}, {}, {}, {}, {}, {}, {}, {}, {}, {}]",5.02
lower+stem,CHAR_3-5,0.6592,0.0197,0.6357,0.6873,0.6577,0.0204,0.6320,0.6860,"[0.6838487972508591, 0.6460481099656358, 0.6357388316151202, 0.6357388316151202, 0.6460481099656358, 0.6735395189003437, 0.6872852233676976, 0.6735395189003437, 0.6724137931034483, 0.6379310344827587]","[0.683615099402969, 0.6473315888246876, 0.6329662205402958, 0.6336625408295529, 0.6460446315272727, 0.6705252310939459, 0.68603074681037, 0.6730636281626494, 0.6718368479903117, 0.6320231796422273]",0,bez optimizacije,null,"[{}, {}, {}, {}, {}, {}, {}, {}, {}, {}]",12.70
lower+stem,REC+CHAR,0.6712,0.0251,0.6323,0.7182,0.6700,0.0257,0.6301,0.7174,"[0.6769759450171822, 0.6701030927835051, 0.6632302405498282, 0.6323024054982818, 0.6666666666666666, 0.7079037800687286, 0.718213058419244, 0.6666666666666666, 0.6724137931034483, 0.6379310344827587]","[0.676707444570106, 0.6710989010989011, 0.6614582466650026, 0.6301380023577186, 0.6662807868978978, 0.705273418858383, 0.717432749771303, 0.6666368861490812, 0.6723860461167647, 0.6329050138573947]",0,bez optimizacije,null,"[{}, {}, {}, {}, {}, {}, {}, {}, {}, {}]",23.24
lower+lemma,BOW,0.6228,0.0256,0.5773,0.6621,0.6219,0.0253,0.5749,0.6616,"[0.6048109965635738, 0.6151202749140894, 0.6460481099656358, 0.5773195876288659, 0.6013745704467354, 0.6426116838487973, 0.6460481099656358, 0.6323024054982818, 0.6620689655172414, 0.6]","[0.6046773090679571, 0.6166318660833846, 0.6420457144037401, 0.5749268796237885, 0.6019716648531449, 0.6410443230115361, 0.6447293447293446, 0.6325217935117727, 0.6615636549049112, 0.5993300519551545]",0,bez optimizacije,null,"[{}, {}, {}, {}, {}, {}, {}, {}, {}, {}]",16.84
lower+lemma,TF,0.5316,0.0212,0.5017,0.5670,0.5211,0.0227,0.4869,0.5578,"[0.5085910652920962, 0.5120274914089347, 0.5670103092783505, 0.5017182130584192, 0.5189003436426117, 0.5326460481099656, 0.5257731958762887, 0.5567010309278351, 0.5551724137931034, 0.5379310344827586]","[0.49710018848774834, 0.5075271548404384, 0.557789952940218, 0.4868573331668124, 0.5051637431391957, 0.5165261273591563, 0.5203514916242801, 0.5493405669283222, 0.5490519859893004, 0.5209841152334674]",0,bez optimizacije,null,"[{}, {}, {}, {}, {}, {}, {}, {}, {}, {}]",3.22
lower+lemma,LOG_TF,0.6238,0.0302,0.5601,0.6632,0.6229,0.0304,0.5576,0.6620,"[0.6151202749140894, 0.6151202749140894, 0.6632302405498282, 0.5601374570446735, 0.6082474226804123, 0.6288659793814433, 0.6563573883161512, 0.6288659793814433, 0.6620689655172414, 0.6]","[0.6149507913130888, 0.6160240714004727, 0.6597193725197211, 0.5575672143664744, 0.6084665521464325, 0.627799398356836, 0.6554136188611371, 0.6291081871345029, 0.662035282724938, 0.5979318908706632]",0,bez optimizacije,null,"[{}, {}, {}, {}, {}, {}, {}, {}, {}, {}]",11.16
lower+lemma,IDF,0.6131,0.0249,0.5842,0.6655,0.6124,0.0253,0.5814,0.6651,"[0.6048109965635738, 0.6013745704467354, 0.6254295532646048, 0.584192439862543, 0.6048109965635738, 0.6048109965635738, 0.6494845360824743, 0.6048109965635738, 0.6655172413793103, 0.5862068965517241]","[0.6031388361796332, 0.6016504691379889, 0.6249870007307078, 0.5813758265926886, 0.6047507324148529, 0.6032003084634664, 0.6493193717277487, 0.6044387120533935, 0.6651392622544119, 0.5856932922992387]",0,bez optimizacije,null,"[{}, {}, {}, {}, {}, {}, {}, {}, {}, {}]",4.31
lower+lemma,TF_IDF,0.6290,0.0235,0.5773,0.6529,0.6271,0.0243,0.5726,0.6539,"[0.6151202749140894, 0.6529209621993127, 0.6254295532646048, 0.5773195876288659, 0.6013745704467354, 0.6460481099656358, 0.6426116838487973, 0.6529209621993127, 0.6448275862068965, 0.6310344827586207]","[0.6141581639661321, 0.6538622011897618, 0.6237270665842094, 0.5726301812291434, 0.6001602789415966, 0.6415699018627109, 0.6412053776607882, 0.6518925497813958, 0.6447335202717084, 0.6266846268031593]",0,bez optimizacije,null,"[{}, {}, {}, {}, {}, {}, {}, {}, {}, {}]",3.41
lower+lemma,TFIDF_1-2,0.6537,0.0281,0.6117,0.7138,0.6526,0.0285,0.6091,0.7132,"[0.6426116838487973, 0.6529209621993127, 0.6563573883161512, 0.6116838487972509, 0.6185567010309279, 0.6426116838487973, 0.6804123711340206, 0.6701030927835051, 0.7137931034482758, 0.6482758620689655]","[0.6416338877714699, 0.653686918625943, 0.6551287842879971, 0.6091393538158574, 0.6186732170962177, 0.6403158359050242, 0.6804265565875474, 0.6698314813140649, 0.7132169866201279, 0.643997157690917]",0,bez optimizacije,null,"[{}, {}, {}, {}, {}, {}, {}, {}, {}, {}]",7.21
lower+lemma,TFIDF_1-3,0.6499,0.0227,0.6048,0.6828,0.6485,0.0231,0.6010,0.6813,"[0.6357388316151202, 0.6666666666666666, 0.6494845360824743, 0.6048109965635738, 0.6185567010309279, 0.6563573883161512, 0.6701030927835051, 0.6597938144329897, 0.6827586206896552, 0.6551724137931034]","[0.6345131454373316, 0.6674159737040061, 0.6481285493807856, 0.6010162103841775, 0.6192077716619407, 0.6539872499786715, 0.6701488474557405, 0.6592042210627508, 0.6813040485909635, 0.6501008718878581]",0,bez optimizacije,null,"[{}, {}, {}, {}, {}, {}, {}, {}, {}, {}]",6.82
lower+lemma,CHAR_3-5,0.6582,0.0157,0.6310,0.6804,0.6565,0.0162,0.6256,0.6787,"[0.6563573883161512, 0.6391752577319587, 0.6632302405498282, 0.6529209621993127, 0.6426116838487973, 0.6735395189003437, 0.6804123711340206, 0.6701030927835051, 0.6724137931034483, 0.6310344827586207]","[0.6557675438596492, 0.6401156969629547, 0.6608702607212983, 0.6489523279887276, 0.64181951483329, 0.6705995141135842, 0.6786914001092154, 0.6695760853975864, 0.6725370912050579, 0.6255913734237049]",0,bez optimizacije,null,"[{}, {}, {}, {}, {}, {}, {}, {}, {}, {}]",12.97
lower+lemma,REC+CHAR,0.6713,0.0199,0.6323,0.7079,0.6700,0.0209,0.6296,0.7075,"[0.6632302405498282, 0.6735395189003437, 0.6804123711340206, 0.6323024054982818, 0.6632302405498282, 0.6666666666666666, 0.7079037800687286, 0.6838487972508591, 0.6896551724137931, 0.6517241379310345]","[0.6629916585032801, 0.6738842382406739, 0.6782851326772521, 0.6296338099341556, 0.6634816080360636, 0.6647834897141095, 0.7074931603200464, 0.6833637678488661, 0.6896975545904812, 0.6463235021519401]",0,bez optimizacije,null,"[{}, {}, {}, {}, {}, {}, {}, {}, {}, {}]",35.17

KONFIGURACIJA,lower + BOW + LogisticRegression
CLASSIFICATION REPORT
klasa,precision,recall,f1-score,support
negative,0.611,0.594,0.603,959
neutral,0.616,0.656,0.635,997
positive,0.598,0.574,0.586,952
macro avg,0.608,0.608,0.608,2908
weighted avg,0.608,0.609,0.608,2908
accuracy,,,0.609,2908

MATRICA KONFUZIJE
stvarno \ predvidjeno,negative,neutral,positive
negative,570,196,193
neutral,169,654,174
positive,194,212,546

KONFIGURACIJA,lower + TF + LogisticRegression
CLASSIFICATION REPORT
klasa,precision,recall,f1-score,support
negative,0.506,0.331,0.400,959
neutral,0.480,0.663,0.557,997
positive,0.511,0.485,0.498,952
macro avg,0.499,0.493,0.485,2908
weighted avg,0.499,0.495,0.486,2908
accuracy,,,0.495,2908

MATRICA KONFUZIJE
stvarno \ predvidjeno,negative,neutral,positive
negative,317,383,259
neutral,153,661,183
positive,157,333,462

KONFIGURACIJA,lower + LOG_TF + LogisticRegression
CLASSIFICATION REPORT
klasa,precision,recall,f1-score,support
negative,0.610,0.592,0.601,959
neutral,0.613,0.649,0.630,997
positive,0.604,0.584,0.594,952
macro avg,0.609,0.608,0.608,2908
weighted avg,0.609,0.609,0.609,2908
accuracy,,,0.609,2908

MATRICA KONFUZIJE
stvarno \ predvidjeno,negative,neutral,positive
negative,568,195,196
neutral,181,647,169
positive,182,214,556

KONFIGURACIJA,lower + IDF + LogisticRegression
CLASSIFICATION REPORT
klasa,precision,recall,f1-score,support
negative,0.613,0.616,0.615,959
neutral,0.629,0.654,0.641,997
positive,0.607,0.579,0.593,952
macro avg,0.616,0.616,0.616,2908
weighted avg,0.617,0.617,0.617,2908
accuracy,,,0.617,2908

MATRICA KONFUZIJE
stvarno \ predvidjeno,negative,neutral,positive
negative,591,180,188
neutral,177,652,168
positive,196,205,551

KONFIGURACIJA,lower + TF_IDF + LogisticRegression
CLASSIFICATION REPORT
klasa,precision,recall,f1-score,support
negative,0.626,0.607,0.617,959
neutral,0.613,0.667,0.639,997
positive,0.606,0.569,0.587,952
macro avg,0.615,0.614,0.614,2908
weighted avg,0.615,0.615,0.615,2908
accuracy,,,0.615,2908

MATRICA KONFUZIJE
stvarno \ predvidjeno,negative,neutral,positive
negative,582,186,191
neutral,170,665,162
positive,177,233,542

KONFIGURACIJA,lower + TFIDF_1-2 + LogisticRegression
CLASSIFICATION REPORT
klasa,precision,recall,f1-score,support
negative,0.642,0.620,0.631,959
neutral,0.621,0.701,0.659,997
positive,0.640,0.575,0.605,952
macro avg,0.634,0.632,0.632,2908
weighted avg,0.634,0.633,0.632,2908
accuracy,,,0.633,2908

MATRICA KONFUZIJE
stvarno \ predvidjeno,negative,neutral,positive
negative,595,196,168
neutral,158,699,140
positive,174,231,547

KONFIGURACIJA,lower + TFIDF_1-3 + LogisticRegression
CLASSIFICATION REPORT
klasa,precision,recall,f1-score,support
negative,0.639,0.615,0.627,959
neutral,0.614,0.700,0.654,997
positive,0.631,0.562,0.594,952
macro avg,0.628,0.626,0.625,2908
weighted avg,0.628,0.627,0.626,2908
accuracy,,,0.627,2908

MATRICA KONFUZIJE
stvarno \ predvidjeno,negative,neutral,positive
negative,590,196,173
neutral,159,698,140
positive,174,243,535

KONFIGURACIJA,lower + CHAR_3-5 + LogisticRegression
CLASSIFICATION REPORT
klasa,precision,recall,f1-score,support
negative,0.688,0.669,0.679,959
neutral,0.660,0.717,0.688,997
positive,0.654,0.612,0.632,952
macro avg,0.667,0.666,0.666,2908
weighted avg,0.667,0.667,0.667,2908
accuracy,,,0.667,2908

MATRICA KONFUZIJE
stvarno \ predvidjeno,negative,neutral,positive
negative,642,161,156
neutral,129,715,153
positive,162,207,583

KONFIGURACIJA,lower + REC+CHAR + LogisticRegression
CLASSIFICATION REPORT
klasa,precision,recall,f1-score,support
negative,0.680,0.674,0.677,959
neutral,0.657,0.704,0.680,997
positive,0.666,0.623,0.644,952
macro avg,0.668,0.667,0.667,2908
weighted avg,0.668,0.667,0.667,2908
accuracy,,,0.667,2908

MATRICA KONFUZIJE
stvarno \ predvidjeno,negative,neutral,positive
negative,646,167,146
neutral,144,702,151
positive,160,199,593

KONFIGURACIJA,lower+stem + BOW + LogisticRegression
CLASSIFICATION REPORT
klasa,precision,recall,f1-score,support
negative,0.640,0.626,0.633,959
neutral,0.624,0.645,0.634,997
positive,0.592,0.584,0.588,952
macro avg,0.618,0.618,0.618,2908
weighted avg,0.619,0.619,0.619,2908
accuracy,,,0.619,2908

MATRICA KONFUZIJE
stvarno \ predvidjeno,negative,neutral,positive
negative,600,172,187
neutral,158,643,196
positive,180,216,556

KONFIGURACIJA,lower+stem + TF + LogisticRegression
CLASSIFICATION REPORT
klasa,precision,recall,f1-score,support
negative,0.557,0.369,0.444,959
neutral,0.497,0.685,0.576,997
positive,0.536,0.506,0.521,952
macro avg,0.530,0.520,0.514,2908
weighted avg,0.530,0.522,0.514,2908
accuracy,,,0.522,2908

MATRICA KONFUZIJE
stvarno \ predvidjeno,negative,neutral,positive
negative,354,362,243
neutral,140,683,174
positive,141,329,482

KONFIGURACIJA,lower+stem + LOG_TF + LogisticRegression
CLASSIFICATION REPORT
klasa,precision,recall,f1-score,support
negative,0.656,0.645,0.651,959
neutral,0.639,0.653,0.646,997
positive,0.598,0.595,0.596,952
macro avg,0.631,0.631,0.631,2908
weighted avg,0.631,0.631,0.631,2908
accuracy,,,0.631,2908

MATRICA KONFUZIJE
stvarno \ predvidjeno,negative,neutral,positive
negative,619,159,181
neutral,147,651,199
positive,178,208,566

KONFIGURACIJA,lower+stem + IDF + LogisticRegression
CLASSIFICATION REPORT
klasa,precision,recall,f1-score,support
negative,0.649,0.643,0.646,959
neutral,0.629,0.634,0.632,997
positive,0.579,0.580,0.580,952
macro avg,0.619,0.619,0.619,2908
weighted avg,0.619,0.619,0.619,2908
accuracy,,,0.619,2908

MATRICA KONFUZIJE
stvarno \ predvidjeno,negative,neutral,positive
negative,617,153,189
neutral,153,632,212
positive,181,219,552

KONFIGURACIJA,lower+stem + TF_IDF + LogisticRegression
CLASSIFICATION REPORT
klasa,precision,recall,f1-score,support
negative,0.658,0.637,0.648,959
neutral,0.638,0.683,0.660,997
positive,0.621,0.596,0.608,952
macro avg,0.639,0.639,0.639,2908
weighted avg,0.639,0.639,0.639,2908
accuracy,,,0.639,2908

MATRICA KONFUZIJE
stvarno \ predvidjeno,negative,neutral,positive
negative,611,163,185
neutral,155,681,161
positive,162,223,567

KONFIGURACIJA,lower+stem + TFIDF_1-2 + LogisticRegression
CLASSIFICATION REPORT
klasa,precision,recall,f1-score,support
negative,0.678,0.673,0.675,959
neutral,0.660,0.715,0.686,997
positive,0.648,0.597,0.621,952
macro avg,0.662,0.661,0.661,2908
weighted avg,0.662,0.662,0.661,2908
accuracy,,,0.662,2908

MATRICA KONFUZIJE
stvarno \ predvidjeno,negative,neutral,positive
negative,645,152,162
neutral,138,713,146
positive,168,216,568

KONFIGURACIJA,lower+stem + TFIDF_1-3 + LogisticRegression
CLASSIFICATION REPORT
klasa,precision,recall,f1-score,support
negative,0.668,0.663,0.666,959
neutral,0.655,0.715,0.684,997
positive,0.639,0.583,0.610,952
macro avg,0.654,0.654,0.653,2908
weighted avg,0.654,0.655,0.654,2908
accuracy,,,0.655,2908

MATRICA KONFUZIJE
stvarno \ predvidjeno,negative,neutral,positive
negative,636,157,166
neutral,137,713,147
positive,179,218,555

KONFIGURACIJA,lower+stem + CHAR_3-5 + LogisticRegression
CLASSIFICATION REPORT
klasa,precision,recall,f1-score,support
negative,0.675,0.657,0.666,959
neutral,0.654,0.709,0.680,997
positive,0.649,0.609,0.629,952
macro avg,0.659,0.658,0.658,2908
weighted avg,0.659,0.659,0.659,2908
accuracy,,,0.659,2908

MATRICA KONFUZIJE
stvarno \ predvidjeno,negative,neutral,positive
negative,630,167,162
neutral,139,707,151
positive,165,207,580

KONFIGURACIJA,lower+stem + REC+CHAR + LogisticRegression
CLASSIFICATION REPORT
klasa,precision,recall,f1-score,support
negative,0.685,0.679,0.682,959
neutral,0.668,0.711,0.689,997
positive,0.661,0.622,0.641,952
macro avg,0.671,0.671,0.670,2908
weighted avg,0.671,0.671,0.671,2908
accuracy,,,0.671,2908

MATRICA KONFUZIJE
stvarno \ predvidjeno,negative,neutral,positive
negative,651,155,153
neutral,137,709,151
positive,163,197,592

KONFIGURACIJA,lower+lemma + BOW + LogisticRegression
CLASSIFICATION REPORT
klasa,precision,recall,f1-score,support
negative,0.653,0.629,0.640,959
neutral,0.625,0.649,0.636,997
positive,0.592,0.589,0.591,952
macro avg,0.623,0.622,0.622,2908
weighted avg,0.623,0.623,0.623,2908
accuracy,,,0.623,2908

MATRICA KONFUZIJE
stvarno \ predvidjeno,negative,neutral,positive
negative,603,169,187
neutral,150,647,200
positive,171,220,561

KONFIGURACIJA,lower+lemma + TF + LogisticRegression
CLASSIFICATION REPORT
klasa,precision,recall,f1-score,support
negative,0.568,0.372,0.450,959
neutral,0.507,0.715,0.593,997
positive,0.545,0.500,0.522,952
macro avg,0.540,0.529,0.522,2908
weighted avg,0.540,0.532,0.523,2908
accuracy,,,0.532,2908

MATRICA KONFUZIJE
stvarno \ predvidjeno,negative,neutral,positive
negative,357,368,234
neutral,121,713,163
positive,151,325,476

KONFIGURACIJA,lower+lemma + LOG_TF + LogisticRegression
CLASSIFICATION REPORT
klasa,precision,recall,f1-score,support
negative,0.642,0.624,0.632,959
neutral,0.629,0.660,0.644,997
positive,0.600,0.586,0.593,952
macro avg,0.624,0.623,0.623,2908
weighted avg,0.624,0.624,0.624,2908
accuracy,,,0.624,2908

MATRICA KONFUZIJE
stvarno \ predvidjeno,negative,neutral,positive
negative,598,175,186
neutral,153,658,186
positive,181,213,558

KONFIGURACIJA,lower+lemma + IDF + LogisticRegression
CLASSIFICATION REPORT
klasa,precision,recall,f1-score,support
negative,0.635,0.629,0.632,959
neutral,0.628,0.621,0.624,997
positive,0.577,0.589,0.583,952
macro avg,0.613,0.613,0.613,2908
weighted avg,0.614,0.613,0.613,2908
accuracy,,,0.613,2908

MATRICA KONFUZIJE
stvarno \ predvidjeno,negative,neutral,positive
negative,603,160,196
neutral,163,619,215
positive,184,207,561

KONFIGURACIJA,lower+lemma + TF_IDF + LogisticRegression
CLASSIFICATION REPORT
klasa,precision,recall,f1-score,support
negative,0.648,0.636,0.642,959
neutral,0.628,0.677,0.652,997
positive,0.609,0.571,0.590,952
macro avg,0.629,0.628,0.628,2908
weighted avg,0.629,0.629,0.628,2908
accuracy,,,0.629,2908

MATRICA KONFUZIJE
stvarno \ predvidjeno,negative,neutral,positive
negative,610,165,184
neutral,157,675,165
positive,174,234,544

KONFIGURACIJA,lower+lemma + TFIDF_1-2 + LogisticRegression
CLASSIFICATION REPORT
klasa,precision,recall,f1-score,support
negative,0.663,0.652,0.658,959
neutral,0.651,0.705,0.677,997
positive,0.647,0.602,0.624,952
macro avg,0.654,0.653,0.653,2908
weighted avg,0.654,0.654,0.653,2908
accuracy,,,0.654,2908

MATRICA KONFUZIJE
stvarno \ predvidjeno,negative,neutral,positive
negative,625,166,168
neutral,149,703,145
positive,168,211,573

KONFIGURACIJA,lower+lemma + TFIDF_1-3 + LogisticRegression
CLASSIFICATION REPORT
klasa,precision,recall,f1-score,support
negative,0.656,0.655,0.655,959
neutral,0.651,0.706,0.678,997
positive,0.642,0.586,0.613,952
macro avg,0.650,0.649,0.649,2908
weighted avg,0.650,0.650,0.649,2908
accuracy,,,0.650,2908

MATRICA KONFUZIJE
stvarno \ predvidjeno,negative,neutral,positive
negative,628,161,170
neutral,152,704,141
positive,178,216,558

KONFIGURACIJA,lower+lemma + CHAR_3-5 + LogisticRegression
CLASSIFICATION REPORT
klasa,precision,recall,f1-score,support
negative,0.673,0.645,0.659,959
neutral,0.659,0.718,0.687,997
positive,0.642,0.608,0.625,952
macro avg,0.658,0.657,0.657,2908
weighted avg,0.658,0.658,0.657,2908
accuracy,,,0.658,2908

MATRICA KONFUZIJE
stvarno \ predvidjeno,negative,neutral,positive
negative,619,165,175
neutral,133,716,148
positive,168,205,579

KONFIGURACIJA,lower+lemma + REC+CHAR + LogisticRegression
CLASSIFICATION REPORT
klasa,precision,recall,f1-score,support
negative,0.680,0.672,0.676,959
neutral,0.672,0.711,0.691,997
positive,0.661,0.629,0.645,952
macro avg,0.671,0.671,0.671,2908
weighted avg,0.671,0.671,0.671,2908
accuracy,,,0.671,2908

MATRICA KONFUZIJE
stvarno \ predvidjeno,negative,neutral,positive
negative,644,158,157
neutral,138,709,150
positive,165,188,599
