konfiguracija,pretprocesiranje,model,odlika,cv_accuracy_sr,cv_accuracy_std,cv_f1_sr,cv_f1_std,vreme_s
lower+stem | REC+CHAR | LogRegresija,lower+stem,LogRegresija,REC+CHAR,0.6753726744874985,0.026430151639442862,0.6742404790951386,0.027157756080342828,113.9
lower+stem | REC+CHAR | LogRegresija (GridSearch),lower+stem,LogRegresija (GridSearch),REC+CHAR,0.6722798909823439,0.025578731735927552,0.6713956559728615,0.026269640973581823,613.6
lower+lema | REC+CHAR | LinearSVM (GridSearch),lower+lema,LinearSVM (GridSearch),REC+CHAR,0.6716020855551607,0.014944107600230178,0.6703163525756006,0.01564670663698849,619.3
lower | REC+CHAR | LogRegresija,lower,LogRegresija,REC+CHAR,0.6712465931982462,0.025332214103309648,0.6702589750124547,0.02618749881914859,119.1
lower+lema | REC+CHAR | LogRegresija (GridSearch),lower+lema,LogRegresija (GridSearch),REC+CHAR,0.6712525180708615,0.02003782878730509,0.6700035359412572,0.02087011185625125,670.6
lower+lema | REC+CHAR | LogRegresija,lower+lema,LogRegresija,REC+CHAR,0.6709088754591777,0.020084008009503527,0.6696831862826054,0.020895919424148722,131.8
lower+stem | REC+CHAR | LinearSVM (GridSearch),lower+stem,LinearSVM (GridSearch),REC+CHAR,0.6705581230003556,0.023326482902974885,0.6693045629530664,0.02423874814660808,575.7
lower | REC+CHAR | LinearSVM (GridSearch),lower,LinearSVM (GridSearch),REC+CHAR,0.6702227752103329,0.02643286439658562,0.6688259066881171,0.026931693105985335,671.5
lower | REC+CHAR | LogRegresija (GridSearch),lower,LogRegresija (GridSearch),REC+CHAR,0.6681538096930916,0.028260410297277553,0.6671425795453649,0.028942934071347275,718.4
lower | CHAR_3-5 | LinearSVM,lower,LinearSVM,CHAR_3-5,0.6671145870363787,0.024342160599719654,0.6660636988667685,0.02513180742290999,81.1
lower | CHAR_3-5 | LogRegresija (GridSearch),lower,LogRegresija (GridSearch),CHAR_3-5,0.6653975589524825,0.01814531831611189,0.6639244286240087,0.018801892804975635,582.3
lower | CHAR_3-5 | LogRegresija,lower,LogRegresija,CHAR_3-5,0.6650574712643679,0.01995249235975717,0.6634539629945628,0.02082115518676025,93.9
lower+stem | REC+CHAR | LinearSVM,lower+stem,LinearSVM,REC+CHAR,0.6640312833274085,0.027312300489962082,0.6634340972881698,0.027543933525168728,94.4
lower+stem | CHAR_3-5 | LogRegresija,lower+stem,LogRegresija,CHAR_3-5,0.6626484180590119,0.01963845549951855,0.6614206702343315,0.01981523973795963,84.3
lower+stem | TFIDF_1-2 | LinearSVM,lower+stem,LinearSVM,TFIDF_1-2,0.6619670577082594,0.034706228916328664,0.6613912395900643,0.03501585246954124,13.4
lower+stem | TFIDF_1-2 | LogRegresija (GridSearch),lower+stem,LogRegresija (GridSearch),TFIDF_1-2,0.6612809574594147,0.033093735985739454,0.6600130457163924,0.0336877737198595,98.6
lower+lema | REC+CHAR | LinearSVM,lower+lema,LinearSVM,REC+CHAR,0.6605924872615239,0.024573126254728305,0.6598181760324836,0.02460767338703004,110.3
lower | REC+CHAR | LinearSVM,lower,LinearSVM,REC+CHAR,0.6605806375162934,0.031359270734693384,0.6596552919806887,0.03220559365577965,100.2
lower | CHAR_3-5 | LinearSVM (GridSearch),lower,LinearSVM (GridSearch),CHAR_3-5,0.6605853774143856,0.016821738061369485,0.6589130805190498,0.017224516726384437,547.4
lower+stem | TFIDF_1-2 | LogRegresija,lower+stem,LogRegresija,TFIDF_1-2,0.6595710392226568,0.031755002365169836,0.6578034308951118,0.032436015765600186,20.3
lower+stem | CHAR_3-5 | LogRegresija (GridSearch),lower+stem,LogRegresija (GridSearch),CHAR_3-5,0.6588624244578741,0.02042331019681472,0.6578025723017102,0.020885587255273393,510.1
lower+lema | CHAR_3-5 | LinearSVM (GridSearch),lower+lema,LinearSVM (GridSearch),CHAR_3-5,0.6592155468657424,0.019604120381935056,0.657439201926042,0.02002961871370443,541.7
lower+lema | TFIDF_1-2 | LinearSVM (GridSearch),lower+lema,LinearSVM (GridSearch),TFIDF_1-2,0.65784216139353,0.027006150188313177,0.6568531023652346,0.02755082406419351,103.8
lower+stem | TFIDF_1-2 | LinearSVM (GridSearch),lower+stem,LinearSVM (GridSearch),TFIDF_1-2,0.6574997037563692,0.033574152396782055,0.6563627990428552,0.03453827087977228,82.6
lower+lema | CHAR_3-5 | LinearSVM,lower+lema,LinearSVM,CHAR_3-5,0.6574949638582771,0.01935910108482785,0.6562366871030747,0.020087040565431955,90.7
lower+lema | CHAR_3-5 | LogRegresija,lower+lema,LogRegresija,CHAR_3-5,0.6574949638582771,0.014564909377362335,0.6558532427379878,0.015110716680538542,101.8
lower+lema | CHAR_3-5 | LogRegresija (GridSearch),lower+lema,LogRegresija (GridSearch),CHAR_3-5,0.6574949638582771,0.014564909377362335,0.6558532427379878,0.015110716680538542,572.9
lower+lema | TFIDF_1-2 | LinearSVM,lower+lema,LinearSVM,TFIDF_1-2,0.6564675909467946,0.026959245996181724,0.6558081716679645,0.027182416441842182,17.5
lower+lema | TFIDF_1-2 | LogRegresija (GridSearch),lower+lema,LogRegresija (GridSearch),TFIDF_1-2,0.6554437729588813,0.029680864923227437,0.6546653137636866,0.029840342056094794,128.1
lower+lema | TFIDF_1-2 | LogRegresija,lower+lema,LogRegresija,TFIDF_1-2,0.6537350396966464,0.02660569443651166,0.6526210582078807,0.02685526966567968,26.5
lower+stem | CHAR_3-5 | LinearSVM (GridSearch),lower+stem,LinearSVM (GridSearch),CHAR_3-5,0.6533653276454555,0.020278023629883863,0.652167699828156,0.020517349702662238,473.1
lower+stem | TFIDF_1-3 | LogRegresija,lower+stem,LogRegresija,TFIDF_1-3,0.6516589643322668,0.021876215969630696,0.6499110106577454,0.022565415011522497,26.8
lower+stem | TFIDF_1-3 | LinearSVM,lower+stem,LinearSVM,TFIDF_1-3,0.6488991586680886,0.03048715441163108,0.6484458682138671,0.03095504017760683,21.1
lower+lema | TFIDF_1-3 | LogRegresija,lower+lema,LogRegresija,TFIDF_1-3,0.6496018485602558,0.022079202922207365,0.6483763220381048,0.022418381300974306,33.9
lower+stem | TFIDF_1-3 | LinearSVM (GridSearch),lower+stem,LinearSVM (GridSearch),TFIDF_1-3,0.6495864438914563,0.02760635286219868,0.6483361126327657,0.02885201207890866,125.9
lower+lema | TFIDF_1-3 | LinearSVM,lower+lema,LinearSVM,TFIDF_1-3,0.6492404313307263,0.0309992851177338,0.6483360259912487,0.03170314994127188,26.6
lower+lema | TFIDF_1-3 | LogRegresija (GridSearch),lower+lema,LogRegresija (GridSearch),TFIDF_1-3,0.649258205948572,0.022788990864021676,0.6480319258421707,0.02303939542717344,170.0
lower+stem | TFIDF_1-3 | LogRegresija (GridSearch),lower+stem,LogRegresija (GridSearch),TFIDF_1-3,0.6492451712288185,0.02092713640746188,0.6476263431678506,0.021396817726256838,137.2
lower+lema | TFIDF | LogRegresija,lower+lema,LogRegresija,TFIDF,0.6485484062092663,0.025979398847133517,0.6472277293186534,0.026760778097147726,10.0
lower+lema | TFIDF | LogRegresija (GridSearch),lower+lema,LogRegresija (GridSearch),TFIDF,0.6485484062092663,0.025979398847133517,0.6472277293186534,0.026760778097147726,55.0
lower+stem | CHAR_3-5 | LinearSVM,lower+stem,LinearSVM,CHAR_3-5,0.6478587510368526,0.022949604324259666,0.6472240542918516,0.023412340446035594,73.3
lower+stem | IDF | LogRegresija,lower+stem,LogRegresija,IDF,0.648560255954497,0.026370627080337394,0.6469747780834624,0.026830466812995547,7.9
lower+stem | IDF | LogRegresija (GridSearch),lower+stem,LogRegresija (GridSearch),IDF,0.648560255954497,0.026370627080337394,0.6469747780834624,0.026830466812995547,41.1
lower+stem | TFIDF | LinearSVM,lower+stem,LinearSVM,TFIDF,0.6471809456096693,0.03474753317855985,0.6465416779320796,0.034794310284308703,5.5
lower+lema | IDF | LogRegresija,lower+lema,LogRegresija,IDF,0.6468467827941699,0.027746225496790983,0.6455074490708075,0.028333181027347113,9.5
lower+lema | IDF | LogRegresija (GridSearch),lower+lema,LogRegresija (GridSearch),IDF,0.6468467827941699,0.027746225496790983,0.6455074490708075,0.028333181027347113,54.0
lower+stem | IDF | LinearSVM (GridSearch),lower+stem,LinearSVM (GridSearch),IDF,0.6468479677686929,0.022040705307575296,0.6448739176935467,0.022834921669483966,35.2
lower+stem | TFIDF | LinearSVM (GridSearch),lower+stem,LinearSVM (GridSearch),TFIDF,0.6458051901884108,0.02477500641572775,0.6441623808831176,0.025499146519739033,36.1
lower+stem | TFIDF | LogRegresija,lower+stem,LogRegresija,TFIDF,0.6451167199905201,0.030308092333574326,0.6434728706573707,0.03102402869319598,7.0
lower+stem | TFIDF | LogRegresija (GridSearch),lower+stem,LogRegresija (GridSearch),TFIDF,0.6451167199905201,0.030308092333574326,0.6434728706573707,0.03102402869319598,41.2
lower+lema | TFIDF | LinearSVM (GridSearch),lower+lema,LinearSVM (GridSearch),TFIDF,0.6437433345183078,0.026100374437874597,0.6421533179906606,0.02695593013289781,46.2
lower+lema | IDF | LinearSVM (GridSearch),lower+lema,LinearSVM (GridSearch),IDF,0.6420322313070269,0.02331453828170019,0.6402146836178988,0.024378655672030798,45.8
lower+lema | TFIDF_1-3 | LinearSVM (GridSearch),lower+lema,LinearSVM (GridSearch),TFIDF_1-3,0.6413366512619978,0.024889294245848355,0.6394380711674368,0.02533352823969392,153.0
lower+lema | TFIDF | LinearSVM,lower+lema,LinearSVM,TFIDF,0.6372117549472686,0.021350631467489535,0.6366300837925751,0.02145630751077288,7.4
lower | TFIDF_1-2 | LogRegresija (GridSearch),lower,LogRegresija (GridSearch),TFIDF_1-2,0.6365209148003317,0.04160249085038564,0.6353869276447607,0.04239940095416112,111.8
lower | TFIDF_1-2 | LinearSVM,lower,LinearSVM,TFIDF_1-2,0.6347932219457281,0.03654837258774273,0.6343056807169299,0.036774023244065104,15.5
lower+lema | TFIDF | MultinomialNB,lower+lema,MultinomialNB,TFIDF,0.6337753288304302,0.026103378811347076,0.6335557559434588,0.026255373762627716,6.5
lower+stem | TFIDF_1-2 | MultinomialNB,lower+stem,MultinomialNB,TFIDF_1-2,0.6341248963147292,0.023485435024613272,0.6335058468015801,0.023719496227584586,11.8
lower | TFIDF_1-2 | LinearSVM (GridSearch),lower,LinearSVM (GridSearch),TFIDF_1-2,0.6341059367223604,0.03691006677620736,0.633271299897296,0.03726221506053318,92.4
lower+lema | IDF | MultinomialNB,lower+lema,MultinomialNB,IDF,0.6334364261168386,0.023202212721426897,0.633222168403799,0.023570943801097,6.6
lower+stem | TFIDF | MultinomialNB,lower+stem,MultinomialNB,TFIDF,0.633428131295177,0.017408743791695915,0.6329999014852814,0.017502571806396337,4.9
lower+stem | IDF | LinearSVM,lower+stem,LinearSVM,IDF,0.6334293162697001,0.028330560850164197,0.6327382998119543,0.02850796268800336,5.6
lower+lema | TFIDF_1-2 | MultinomialNB,lower+lema,MultinomialNB,TFIDF_1-2,0.6327550657660861,0.026698904352124058,0.632264660983197,0.027268050486066647,15.4
lower | TFIDF_1-2 | LogRegresija,lower,LogRegresija,TFIDF_1-2,0.6330927835051546,0.03213128201533172,0.6313984411462437,0.032878653454552105,19.2
lower+stem | REC+CHAR | MultinomialNB,lower+stem,MultinomialNB,REC+CHAR,0.6313804953193507,0.027549628523119787,0.6311732090702084,0.02727406764739865,80.3
lower | TFIDF | LogRegresija (GridSearch),lower,LogRegresija (GridSearch),TFIDF,0.6327467709444247,0.025580921544944617,0.6311094095494371,0.02615941292041584,48.7
lower+lema | IDF | LinearSVM,lower+lema,LinearSVM,IDF,0.6296480625666548,0.019845727466517797,0.628936719425294,0.019993536451841692,7.4
lower+lema | TFIDF_1-3 | MultinomialNB,lower+lema,MultinomialNB,TFIDF_1-3,0.6300118497452305,0.028508269691399902,0.6289140723305373,0.029070421911324865,24.8
lower+stem | TF | LogRegresija (GridSearch),lower+stem,LogRegresija (GridSearch),TF,0.6296456926176087,0.03630014631627155,0.628826607845934,0.03663821082588207,63.3
lower | TFIDF | LogRegresija,lower,LogRegresija,TFIDF,0.6303317928664534,0.02933053193039837,0.6284922849037686,0.030640325758467545,9.0
lower | TFIDF_1-3 | LogRegresija,lower,LogRegresija,TFIDF_1-3,0.6300082948216613,0.03582773525461335,0.6282824168878466,0.0364965865246117,29.0
lower | TFIDF_1-3 | LogRegresija (GridSearch),lower,LogRegresija (GridSearch),TFIDF_1-3,0.6300082948216613,0.03582773525461335,0.6282824168878466,0.0364965865246117,147.5
lower | IDF | LogRegresija,lower,LogRegresija,IDF,0.6299893352292926,0.028308724302468682,0.6281436985281135,0.028991340527810213,8.5
lower+stem | IDF | MultinomialNB,lower+stem,MultinomialNB,IDF,0.6282675672473041,0.012209407582699337,0.6279178503820442,0.01178601108878366,4.9
lower | IDF | LogRegresija (GridSearch),lower,LogRegresija (GridSearch),IDF,0.6292996800568788,0.02869229648214178,0.6274901071220669,0.029364943702583024,45.5
lower | TFIDF_1-3 | LinearSVM,lower,LinearSVM,TFIDF_1-3,0.6279227396610974,0.03649324435194564,0.6272385680209469,0.03657939550870545,24.3
lower | IDF | LinearSVM (GridSearch),lower,LinearSVM (GridSearch),IDF,0.6282782320180116,0.025019386180402135,0.6265196533590771,0.02533935801729814,38.9
lower+stem | TFIDF_1-3 | MultinomialNB,lower+stem,MultinomialNB,TFIDF_1-3,0.6272544140300983,0.02742728474404616,0.6254856983844369,0.027785525177368674,19.2
lower | REC+CHAR | MultinomialNB,lower,MultinomialNB,REC+CHAR,0.6251890034364261,0.03084720983014728,0.6248376639025308,0.03046453113985565,89.7
lower | TFIDF_1-3 | LinearSVM (GridSearch),lower,LinearSVM (GridSearch),TFIDF_1-3,0.6269072164948454,0.035884242109500225,0.624692820450201,0.0367679925742072,135.7
lower+lema | REC+CHAR | MultinomialNB,lower+lema,MultinomialNB,REC+CHAR,0.6238132480151677,0.029694466265783474,0.6235995751317844,0.02961998991021549,97.3
lower | TFIDF | LinearSVM (GridSearch),lower,LinearSVM (GridSearch),TFIDF,0.625184263538334,0.028733316406052187,0.6234583838385341,0.029412801391081315,40.3
lower | TFIDF | LinearSVM,lower,LinearSVM,TFIDF,0.6234577556582533,0.02807055841569468,0.6226269798151474,0.028325256997341626,6.3
lower+stem | TF | MultinomialNB,lower+stem,MultinomialNB,TF,0.6224268278232018,0.01851155290956377,0.621924216882989,0.01846050604114984,4.9
lower+lema | TF | LogRegresija (GridSearch),lower+lema,LogRegresija (GridSearch),TF,0.6220820002369949,0.025124940370432593,0.6211555939274894,0.025531375992155998,97.9
lower | IDF | LinearSVM,lower,LinearSVM,IDF,0.621735987676265,0.027189281126873355,0.6210122797670505,0.02747731480210349,6.2
lower | CHAR_3-5 | MultinomialNB,lower,MultinomialNB,CHAR_3-5,0.6196871667259154,0.029159562211329915,0.6194781951751223,0.028987147205129116,74.4
lower+lema | TF | LogRegresija,lower+lema,LogRegresija,TF,0.6196788719042541,0.023189390135805885,0.6188727003381927,0.022782839016759832,25.2
lower | TFIDF_1-2 | MultinomialNB,lower,MultinomialNB,TFIDF_1-2,0.6186503140182487,0.02798821247449207,0.6184700979525412,0.027897076415346583,13.2
lower+lema | TF | MultinomialNB,lower+lema,MultinomialNB,TF,0.6186455741201564,0.02936415225481966,0.6181228590671324,0.029446309806263043,6.3
lower+stem | CHAR_3-5 | MultinomialNB,lower+stem,MultinomialNB,CHAR_3-5,0.6172816684441285,0.024018723990011166,0.6174142239832778,0.02365199456670079,63.5
lower | TFIDF_1-3 | MultinomialNB,lower,MultinomialNB,TFIDF_1-3,0.6176312359284275,0.027209968267580525,0.6166986835500079,0.027711100398352537,22.5
lower+lema | CHAR_3-5 | MultinomialNB,lower+lema,MultinomialNB,CHAR_3-5,0.6159094679464392,0.027469846813838964,0.6156233983395972,0.02736752945057638,81.3
lower+lema | TF | LinearSVM (GridSearch),lower+lema,LinearSVM (GridSearch),TF,0.6155539755895248,0.015169321845835622,0.6148917426322456,0.015108450009962152,105.7
lower | TF | MultinomialNB,lower,MultinomialNB,TF,0.6141746652446972,0.03635194448739886,0.6141178076987932,0.036519147307572976,5.5
lower+stem | TF | LogRegresija,lower+stem,LogRegresija,TF,0.6145100130347199,0.04054903077164771,0.6139090065526467,0.04063880757240985,16.1
lower+stem | TF | LinearSVM (GridSearch),lower+stem,LinearSVM (GridSearch),TF,0.6128000947979618,0.034837142081756055,0.6121907552587438,0.034842285247877317,91.0
lower | TFIDF | MultinomialNB,lower,MultinomialNB,TFIDF,0.6127953548998697,0.03450555178906355,0.6121872342058268,0.03473998502057356,5.6
lower | IDF | MultinomialNB,lower,MultinomialNB,IDF,0.6117644270648182,0.03388391532215584,0.6109046117308147,0.034019682556105185,5.7
lower | TF | LogRegresija,lower,LogRegresija,TF,0.6048927598056643,0.027886178667204532,0.60382611976481,0.028005200597590457,18.5
lower | TF | LogRegresija (GridSearch),lower,LogRegresija (GridSearch),TF,0.6048963147292333,0.029967463471616988,0.6034514837006577,0.03004091073584705,79.0
lower | TF | LinearSVM (GridSearch),lower,LinearSVM (GridSearch),TF,0.6004088162104514,0.029998561539276852,0.5994523738210489,0.030359663834555572,71.3
lower+lema | TF | LinearSVM,lower+lema,LinearSVM,TF,0.594213769403958,0.02006483181261858,0.5938822275286976,0.01959153135865424,40.4
lower | TF | LinearSVM,lower,LinearSVM,TF,0.5914693684085791,0.026338439386258555,0.5908072598576679,0.02647952752091129,15.8
lower+stem | TF | LinearSVM,lower+stem,LinearSVM,TF,0.5904419954970967,0.03108956807984218,0.5896572706344589,0.031084252676286624,22.4
