pretprocesiranje,odlike,model,macroF1_sr,macroF1_std,tacnost,hiperparametri,vreme_s
lower+stem,REC+CHAR,LogRegresija,0.69336886273549,0.03443056332637072,0.6937051119560625,"{""clf__C"": 1}",68.6
sirovo,REC+CHAR,LinearSVM,0.693078177250755,0.0350666131329115,0.6937051119560625,"{""clf__C"": 0.1}",67.7
lower,REC+CHAR,LinearSVM,0.693078177250755,0.0350666131329115,0.6937051119560625,"{""clf__C"": 0.1}",67.0
sirovo,REC+CHAR,LogRegresija,0.6904485128783344,0.03309179395132614,0.6911702577101817,"{""clf__C"": 1}",71.1
lower,REC+CHAR,LogRegresija,0.6904485128783344,0.03309179395132614,0.6911702577101817,"{""clf__C"": 1}",69.4
lower+stem,REC+CHAR,LinearSVM,0.6869960857763503,0.035266177419544,0.6873679763413604,"{""clf__C"": 0.1}",62.7
lower+lema,REC+CHAR,LogRegresija,0.6850767248110534,0.02739348060262943,0.6856780735107731,"{""clf__C"": 1}",75.3
lower+lema,REC+CHAR,LinearSVM,0.684378899678127,0.03321107708724503,0.6848331220954795,"{""clf__C"": 0.1}",67.2
lower+stem,TFIDF_1-2,LogRegresija,0.680573982162046,0.03243579506553035,0.6810308407266582,"{""clf__C"": 10}",18.0
lower+stem,TFIDF_1-2,LinearSVM,0.678829879634171,0.03367578783312317,0.6789184621884242,"{""clf__C"": 1}",19.1
sirovo,TFIDF_1-2,LinearSVM,0.6780681981782364,0.028913753173669104,0.6784959864807774,"{""clf__C"": 1}",18.2
lower,TFIDF_1-2,LinearSVM,0.6780681981782364,0.028913753173669104,0.6784959864807774,"{""clf__C"": 1}",18.8
lower,TFIDF_1-2,LogRegresija,0.6775748446238644,0.03435692545445376,0.6780735107731305,"{""clf__C"": 10}",18.0
sirovo,TFIDF_1-2,LogRegresija,0.6775748446238644,0.03435692545445376,0.6780735107731305,"{""clf__C"": 10}",17.9
lower+stem,TFIDF_1-3,LogRegresija,0.6750102395347013,0.03580670668812177,0.6755386565272496,"{""clf__C"": 10}",19.2
lower,CHAR_3-5,LinearSVM,0.6737492760873336,0.028604677587429555,0.6742712294043093,"{""clf__C"": 0.1}",60.0
sirovo,CHAR_3-5,LinearSVM,0.6737492760873336,0.028604677587429555,0.6742712294043093,"{""clf__C"": 0.1}",60.8
lower+stem,TFIDF_1-3,LinearSVM,0.6714555879416082,0.0360582857537949,0.6721588508660752,"{""clf__C"": 1}",23.0
lower,CHAR_3-5,LogRegresija,0.6695087259736644,0.030632601518755406,0.6700464723278412,"{""clf__C"": 1}",55.2
sirovo,CHAR_3-5,LogRegresija,0.6695087259736644,0.030632601518755406,0.6700464723278412,"{""clf__C"": 1}",55.0
lower+stem,CHAR_3-5,LogRegresija,0.6680802854912515,0.028124909819958195,0.6683565694972539,"{""clf__C"": 1}",52.1
lower+lema,TFIDF_1-2,LogRegresija,0.6677339394408397,0.020634073405973938,0.6683565694972539,"{""clf__C"": 10}",18.4
lower+stem,IDF,LogRegresija,0.6675609962629379,0.02682514055539884,0.6679340937896071,"{""clf__C"": 1}",6.8
lower+lema,CHAR_3-5,LogRegresija,0.6665317653695576,0.0337682083072814,0.6675116180819602,"{""clf__C"": 1}",57.3
lower,TFIDF_1-3,LinearSVM,0.6659760353809189,0.03555899986453565,0.6670891423743135,"{""clf__C"": 1}",22.5
sirovo,TFIDF_1-3,LinearSVM,0.6659760353809189,0.03555899986453565,0.6670891423743135,"{""clf__C"": 1}",24.9
lower+lema,CHAR_3-5,LinearSVM,0.6659420946059209,0.02680661245205363,0.6670891423743135,"{""clf__C"": 0.1}",61.3
lower+stem,TFIDF,LogRegresija,0.665089511405075,0.02410236335366534,0.6653992395437263,"{""clf__C"": 1}",7.1
lower+lema,TFIDF,LogRegresija,0.6649474652618119,0.022095263498746295,0.665821715251373,"{""clf__C"": 1}",7.8
sirovo,IDF,LogRegresija,0.6647366464786766,0.031052183858608372,0.6653992395437263,"{""clf__C"": 1}",6.7
lower,IDF,LogRegresija,0.6647366464786766,0.031052183858608372,0.6653992395437263,"{""clf__C"": 1}",7.1
lower,TFIDF,LogRegresija,0.6639715821389793,0.028592837498208828,0.6649767638360794,"{""clf__C"": 1}",7.3
sirovo,TFIDF,LogRegresija,0.6639715821389793,0.028592837498208828,0.6649767638360794,"{""clf__C"": 1}",7.1
lower+stem,IDF,LinearSVM,0.6638652704989086,0.02791978215808249,0.6645542881284326,"{""clf__C"": 0.1}",9.7
lower+lema,TFIDF,LinearSVM,0.6633112967306114,0.02693339924134554,0.6641318124207858,"{""clf__C"": 0.1}",10.3
lower+stem,TFIDF,LinearSVM,0.661662208498705,0.0314470120012949,0.6615969581749049,"{""clf__C"": 1}",9.5
lower+stem,CHAR_3-5,LinearSVM,0.661092584047966,0.031522945777775306,0.6615969581749049,"{""clf__C"": 1}",55.9
lower,TFIDF,LinearSVM,0.6609945039410478,0.023934134892940453,0.6615969581749049,"{""clf__C"": 1}",9.5
sirovo,TFIDF,LinearSVM,0.6609945039410478,0.023934134892940453,0.6615969581749049,"{""clf__C"": 1}",9.0
lower+lema,IDF,LogRegresija,0.6603270377547233,0.026502135639293635,0.6611744824672582,"{""clf__C"": 1}",7.3
lower,TFIDF_1-2,MultinomialNB,0.6599046373765197,0.02355210708895895,0.6603295310519645,"{""clf__alpha"": 0.1}",8.3
sirovo,TFIDF_1-2,MultinomialNB,0.6599046373765197,0.02355210708895895,0.6603295310519645,"{""clf__alpha"": 0.1}",8.6
sirovo,TFIDF_1-3,LogRegresija,0.6597064095952191,0.030957750664339846,0.6607520067596113,"{""clf__C"": 1}",19.9
lower,TFIDF_1-3,LogRegresija,0.6597064095952191,0.030957750664339846,0.6607520067596113,"{""clf__C"": 1}",19.5
lower+stem,TFIDF_1-2,MultinomialNB,0.6594926285301775,0.027575295908289228,0.6594845796366708,"{""clf__alpha"": 0.1}",8.3
lower+lema,TFIDF_1-2,LinearSVM,0.6591541186302935,0.031085732560351444,0.6599070553443177,"{""clf__C"": 1}",19.9
lower+lema,TFIDF_1-2,MultinomialNB,0.6583781995715119,0.02144054564339608,0.6586396282213772,"{""clf__alpha"": 0.1}",8.6
lower,REC+CHAR,MultinomialNB,0.6582622184751087,0.03096401524407853,0.6582171525137305,"{""clf__alpha"": 0.01}",45.1
sirovo,REC+CHAR,MultinomialNB,0.6582622184751087,0.03096401524407853,0.6582171525137305,"{""clf__alpha"": 0.01}",45.2
lower+lema,IDF,LinearSVM,0.6579877277114654,0.02442060983682976,0.6590621039290241,"{""clf__C"": 0.1}",10.0
sirovo,IDF,LinearSVM,0.6569977488548776,0.0359504689515135,0.6577946768060836,"{""clf__C"": 0.1}",9.1
lower,IDF,LinearSVM,0.6569977488548776,0.0359504689515135,0.6577946768060836,"{""clf__C"": 0.1}",9.5
lower+lema,TFIDF_1-3,LogRegresija,0.6549800738418728,0.02902522533126779,0.6561047739754964,"{""clf__C"": 10}",19.8
lower+lema,TFIDF_1-3,LinearSVM,0.6535449314532997,0.024238348898645956,0.6544148711449091,"{""clf__C"": 1}",22.9
lower+stem,REC+CHAR,MultinomialNB,0.6501724487878706,0.03517327190280464,0.6501901140684411,"{""clf__alpha"": 0.01}",42.8
sirovo,IDF,MultinomialNB,0.6500163138303193,0.03141275272565258,0.6501901140684411,"{""clf__alpha"": 0.5}",3.6
lower,IDF,MultinomialNB,0.6500163138303193,0.03141275272565258,0.6501901140684411,"{""clf__alpha"": 0.5}",3.9
lower+lema,REC+CHAR,MultinomialNB,0.6492934808035533,0.03543693112597425,0.6493451626531475,"{""clf__alpha"": 0.1}",46.4
lower+stem,IDF,MultinomialNB,0.6486207232204373,0.034931323647117755,0.6489226869455006,"{""clf__alpha"": 0.1}",3.6
lower+stem,TF,MultinomialNB,0.6482087064556911,0.0338519097896798,0.648077735530207,"{""clf__alpha"": 1.0}",3.8
lower+stem,TF,LinearSVM,0.6467933537817878,0.029892066249417412,0.6476552598225602,"{""clf__C"": 0.01}",14.1
lower+stem,TFIDF_1-3,MultinomialNB,0.6461234776399307,0.021073749967133047,0.6468103084072666,"{""clf__alpha"": 0.01}",13.1
sirovo,TFIDF_1-3,MultinomialNB,0.6455394953249447,0.013172551118174315,0.6463878326996197,"{""clf__alpha"": 0.01}",13.6
lower,TFIDF_1-3,MultinomialNB,0.6455394953249447,0.013172551118174315,0.6463878326996197,"{""clf__alpha"": 0.01}",13.4
lower+lema,IDF,MultinomialNB,0.6450963148456396,0.03558537801241502,0.6451204055766794,"{""clf__alpha"": 0.5}",3.9
sirovo,TF,MultinomialNB,0.644745387383213,0.03322088426959405,0.6446979298690325,"{""clf__alpha"": 0.5}",20.6
lower,TF,MultinomialNB,0.644745387383213,0.03322088426959405,0.6446979298690325,"{""clf__alpha"": 0.5}",3.9
lower+lema,TFIDF_1-3,MultinomialNB,0.6443793090021444,0.035343050628846504,0.6451204055766794,"{""clf__alpha"": 0.5}",13.4
lower+stem,TFIDF,MultinomialNB,0.64384017440745,0.04178708810584979,0.6438529784537389,"{""clf__alpha"": 0.5}",3.7
sirovo,TFIDF,MultinomialNB,0.6436450478376871,0.0393793540790819,0.6434305027460921,"{""clf__alpha"": 0.1}",3.7
lower,TFIDF,MultinomialNB,0.6436450478376871,0.0393793540790819,0.6434305027460921,"{""clf__alpha"": 0.1}",3.9
sirovo,CHAR_3-5,MultinomialNB,0.6432849994843699,0.032420546208444714,0.6430080270384453,"{""clf__alpha"": 0.1}",37.3
lower,CHAR_3-5,MultinomialNB,0.6432849994843699,0.032420546208444714,0.6430080270384453,"{""clf__alpha"": 0.1}",36.4
lower+stem,CHAR_3-5,MultinomialNB,0.6418893862043855,0.03522762995893063,0.6417405999155048,"{""clf__alpha"": 0.1}",35.5
lower+stem,TF,LogRegresija,0.6412777035889174,0.027278727315061882,0.6421630756231517,"{""clf__C"": 0.1}",12.3
lower+lema,TFIDF,MultinomialNB,0.6399349096781197,0.03182198695429268,0.6400506970849176,"{""clf__alpha"": 0.5}",4.0
lower,TF,LinearSVM,0.6388616258067181,0.027159739663314926,0.6396282213772708,"{""clf__C"": 0.01}",14.3
sirovo,TF,LinearSVM,0.6388616258067181,0.027159739663314926,0.6396282213772708,"{""clf__C"": 0.01}",13.3
lower+lema,TF,MultinomialNB,0.6385193778135834,0.034553403726507816,0.6383607942543303,"{""clf__alpha"": 0.5}",3.9
lower+lema,CHAR_3-5,MultinomialNB,0.6379545052231205,0.03544071734488116,0.6375158428390367,"{""clf__alpha"": 0.1}",38.5
sirovo,TF,LogRegresija,0.6369703526324357,0.024945446392956795,0.6379383185466836,"{""clf__C"": 0.1}",12.0
lower,TF,LogRegresija,0.6369703526324357,0.024945446392956795,0.6379383185466836,"{""clf__C"": 0.1}",12.4
lower+lema,TF,LogRegresija,0.6368226858380323,0.031622587218812864,0.6379383185466836,"{""clf__C"": 0.1}",14.0
lower+lema,TF,LinearSVM,0.6348074642368056,0.031705048558859666,0.6358259400084495,"{""clf__C"": 0.01}",14.3
lower,TF,Vecinski,0.16745631165189523,0.0006749657798811135,0.3354457118715674,{},0.8
sirovo,TF,Vecinski,0.16745631165189523,0.0006749657798811135,0.3354457118715674,{},0.7
lower+stem,TF,Vecinski,0.16745631165189523,0.0006749657798811135,0.3354457118715674,{},0.9
lower+lema,TF,Vecinski,0.16745631165189523,0.0006749657798811135,0.3354457118715674,{},0.9
