konfiguracija,macroF1,razlika,p_vrednost,znacajno_p<0.05
sirovo | REC+CHAR | LinearSVM,0.6931,0.0003,0.7695,False
lower | REC+CHAR | LinearSVM,0.6931,0.0003,0.7695,False
sirovo | REC+CHAR | LogRegresija,0.6904,0.0029,0.4316,False
lower | REC+CHAR | LogRegresija,0.6904,0.0029,0.4316,False
lower+stem | REC+CHAR | LinearSVM,0.687,0.0064,0.1602,False
lower+lema | REC+CHAR | LogRegresija,0.6851,0.0083,0.084,False
lower+lema | REC+CHAR | LinearSVM,0.6844,0.009,0.1602,False
lower+stem | TFIDF_1-2 | LogRegresija,0.6806,0.0128,0.1934,False
lower+stem | TFIDF_1-2 | LinearSVM,0.6788,0.0145,0.1309,False
sirovo | TFIDF_1-2 | LinearSVM,0.6781,0.0153,0.1055,False
lower | TFIDF_1-2 | LinearSVM,0.6781,0.0153,0.1055,False
sirovo | TFIDF_1-2 | LogRegresija,0.6776,0.0158,0.084,False
lower | TFIDF_1-2 | LogRegresija,0.6776,0.0158,0.084,False
lower+stem | TFIDF_1-3 | LogRegresija,0.675,0.0184,0.0488,True
sirovo | CHAR_3-5 | LinearSVM,0.6737,0.0196,0.0371,True
lower | CHAR_3-5 | LinearSVM,0.6737,0.0196,0.0371,True
lower+stem | TFIDF_1-3 | LinearSVM,0.6715,0.0219,0.0273,True
sirovo | CHAR_3-5 | LogRegresija,0.6695,0.0239,0.002,True
lower | CHAR_3-5 | LogRegresija,0.6695,0.0239,0.002,True
lower+stem | CHAR_3-5 | LogRegresija,0.6681,0.0253,0.002,True
lower+lema | TFIDF_1-2 | LogRegresija,0.6677,0.0256,0.0645,False
lower+stem | IDF | LogRegresija,0.6676,0.0258,0.0059,True
lower+lema | CHAR_3-5 | LogRegresija,0.6665,0.0268,0.002,True
sirovo | TFIDF_1-3 | LinearSVM,0.666,0.0274,0.0098,True
lower | TFIDF_1-3 | LinearSVM,0.666,0.0274,0.0098,True
lower+lema | CHAR_3-5 | LinearSVM,0.6659,0.0274,0.0039,True
lower+stem | TFIDF | LogRegresija,0.6651,0.0283,0.0059,True
lower+lema | TFIDF | LogRegresija,0.6649,0.0284,0.0195,True
sirovo | IDF | LogRegresija,0.6647,0.0286,0.0137,True
lower | IDF | LogRegresija,0.6647,0.0286,0.0137,True
sirovo | TFIDF | LogRegresija,0.664,0.0294,0.002,True
lower | TFIDF | LogRegresija,0.664,0.0294,0.002,True
lower+stem | IDF | LinearSVM,0.6639,0.0295,0.002,True
lower+lema | TFIDF | LinearSVM,0.6633,0.0301,0.0098,True
lower+stem | TFIDF | LinearSVM,0.6617,0.0317,0.0098,True
lower+stem | CHAR_3-5 | LinearSVM,0.6611,0.0323,0.002,True
sirovo | TFIDF | LinearSVM,0.661,0.0324,0.0488,True
lower | TFIDF | LinearSVM,0.661,0.0324,0.0488,True
lower+lema | IDF | LogRegresija,0.6603,0.033,0.0098,True
sirovo | TFIDF_1-2 | MultinomialNB,0.6599,0.0335,0.0273,True
lower | TFIDF_1-2 | MultinomialNB,0.6599,0.0335,0.0273,True
sirovo | TFIDF_1-3 | LogRegresija,0.6597,0.0337,0.0039,True
lower | TFIDF_1-3 | LogRegresija,0.6597,0.0337,0.0039,True
lower+stem | TFIDF_1-2 | MultinomialNB,0.6595,0.0339,0.0137,True
lower+lema | TFIDF_1-2 | LinearSVM,0.6592,0.0342,0.0039,True
lower+lema | TFIDF_1-2 | MultinomialNB,0.6584,0.035,0.0098,True
sirovo | REC+CHAR | MultinomialNB,0.6583,0.0351,0.0098,True
lower | REC+CHAR | MultinomialNB,0.6583,0.0351,0.0098,True
lower+lema | IDF | LinearSVM,0.658,0.0354,0.0098,True
sirovo | IDF | LinearSVM,0.657,0.0364,0.0059,True
lower | IDF | LinearSVM,0.657,0.0364,0.0059,True
lower+lema | TFIDF_1-3 | LogRegresija,0.655,0.0384,0.002,True
lower+lema | TFIDF_1-3 | LinearSVM,0.6535,0.0398,0.002,True
lower+stem | REC+CHAR | MultinomialNB,0.6502,0.0432,0.0039,True
sirovo | IDF | MultinomialNB,0.65,0.0434,0.002,True
lower | IDF | MultinomialNB,0.65,0.0434,0.002,True
lower+lema | REC+CHAR | MultinomialNB,0.6493,0.0441,0.0039,True
lower+stem | IDF | MultinomialNB,0.6486,0.0447,0.0059,True
lower+stem | TF | MultinomialNB,0.6482,0.0452,0.002,True
lower+stem | TF | LinearSVM,0.6468,0.0466,0.002,True
lower+stem | TFIDF_1-3 | MultinomialNB,0.6461,0.0472,0.0039,True
sirovo | TFIDF_1-3 | MultinomialNB,0.6455,0.0478,0.0098,True
lower | TFIDF_1-3 | MultinomialNB,0.6455,0.0478,0.0098,True
lower+lema | IDF | MultinomialNB,0.6451,0.0483,0.002,True
sirovo | TF | MultinomialNB,0.6447,0.0486,0.002,True
lower | TF | MultinomialNB,0.6447,0.0486,0.002,True
lower+lema | TFIDF_1-3 | MultinomialNB,0.6444,0.049,0.002,True
lower+stem | TFIDF | MultinomialNB,0.6438,0.0495,0.002,True
sirovo | TFIDF | MultinomialNB,0.6436,0.0497,0.002,True
lower | TFIDF | MultinomialNB,0.6436,0.0497,0.002,True
sirovo | CHAR_3-5 | MultinomialNB,0.6433,0.0501,0.002,True
lower | CHAR_3-5 | MultinomialNB,0.6433,0.0501,0.002,True
lower+stem | CHAR_3-5 | MultinomialNB,0.6419,0.0515,0.002,True
lower+stem | TF | LogRegresija,0.6413,0.0521,0.002,True
lower+lema | TFIDF | MultinomialNB,0.6399,0.0534,0.002,True
sirovo | TF | LinearSVM,0.6389,0.0545,0.002,True
lower | TF | LinearSVM,0.6389,0.0545,0.002,True
lower+lema | TF | MultinomialNB,0.6385,0.0548,0.0039,True
lower+lema | CHAR_3-5 | MultinomialNB,0.638,0.0554,0.002,True
sirovo | TF | LogRegresija,0.637,0.0564,0.002,True
lower | TF | LogRegresija,0.637,0.0564,0.002,True
lower+lema | TF | LogRegresija,0.6368,0.0565,0.002,True
lower+lema | TF | LinearSVM,0.6348,0.0586,0.002,True
sirovo | TF | Vecinski,0.1675,0.5259,0.002,True
lower | TF | Vecinski,0.1675,0.5259,0.002,True
lower+stem | TF | Vecinski,0.1675,0.5259,0.002,True
lower+lema | TF | Vecinski,0.1675,0.5259,0.002,True
